GOAL-Diagnosis;Mean Radius (mm);Mean Texture (greyscale);Mean Perimeter (mm);Mean Area (mm2);Smoothness (mm);Compactness (mm);Concavity (mm);Number of Concave Points;Mean Symmetry Ratio;Mean Fractal Dimension;Radius standard deviation (mm);Texture standard deviation;Perimeter standard deviation (mm);Area standard deviation (mm2);Smoothness standard deviation (mm);Compactness standard deviation (mm);Concavity standard deviation (mm);Concave Points standard deviation;Symmetry standard deviation (ratio);Fractal Dimension standard deviation (mm);Worst Radius (mm);Worst Texture;Worst Perimeter (mm);Worst Area (mm2);Worst Smoothness;Worst Compactness;Worst Concavity;Worst Concave Points;Worst Symmetry;Worst Fractal Dimension
Benign;11.87;21.54;76.83;432.0;0.06613;0.1064;0.08777;0.02386;0.1349;0.06612;0.256;1.554;1.955;20.24;0.006854000000000001;0.060629999999999996;0.06663;0.01553;0.023540000000000002;0.008925;12.79;28.18;83.51;507.2;0.09457;0.3399;0.3218;0.0875;0.2305;0.09952000000000001
Malignant;15.13;29.81;96.71;719.5;0.0832;0.04605;0.04686;0.027389999999999998;0.1852;0.05294;0.4681;1.6269999999999998;3.043;45.38;0.006831;0.01427;0.02489;0.009087;0.03151;0.00175;17.26;36.91;110.1;931.4;0.1148;0.09866;0.1547;0.06575;0.3233;0.06165
Benign;12.96;18.29;84.18;525.2;0.07351;0.07899;0.04057;0.01883;0.1874;0.05899;0.2357;1.2990000000000002;2.397;20.21;0.003629;0.03713;0.03452;0.01065;0.02632;0.0037049999999999995;14.13;24.61;96.31;621.9;0.09329;0.2318;0.1604;0.06608;0.3207;0.07247
Benign;11.6;24.49;74.23;417.2;0.07474;0.05687999999999999;0.01974;0.013130000000000001;0.1935;0.05878;0.2512;1.786;1.9609999999999999;18.21;0.006122;0.02337;0.01596;0.006998000000000001;0.031939999999999996;0.002211;12.44;31.62;81.39;476.5;0.09545;0.1361;0.07239;0.04815;0.3244;0.06745
Benign;11.37;18.89;72.17;396.0;0.08713;0.05008;0.02399;0.021730000000000003;0.2013;0.05955;0.2656;1.974;1.954;17.49;0.0065379999999999995;0.01395;0.01376;0.009923999999999999;0.03416;0.002928;12.36;26.14;79.29;459.3;0.1118;0.09708;0.07529;0.062029999999999995;0.3267;0.06994
Benign;13.9;16.62;88.97;599.4;0.06828;0.05319;0.02224;0.01339;0.1813;0.05536;0.1555;0.5762;1.392;14.03;0.0033079999999999997;0.01315;0.009904000000000001;0.004832;0.01316;0.002095;15.14;21.8;101.2;718.9;0.09383999999999999;0.2006;0.1384;0.062220000000000004;0.2679;0.07697999999999999
Malignant;15.7;20.31;101.2;766.6;0.09597;0.08799;0.06592999999999999;0.05189;0.1618;0.05549;0.3699;1.15;2.406;40.98;0.004626;0.02263;0.019540000000000002;0.009767;0.01547;0.00243;20.11;32.82;129.3;1269.0;0.1414;0.3547;0.2902;0.1541;0.3437;0.08631
Benign;13.16;20.54;84.06;538.7;0.07335;0.05275;0.018000000000000002;0.01256;0.1713;0.058879999999999995;0.3237;1.473;2.326;26.07;0.007802;0.02052;0.01341;0.005564;0.02086;0.0027010000000000003;14.5;28.46;95.29;648.3;0.1118;0.1646;0.07697999999999999;0.04195;0.2687;0.07429
Benign;14.47;24.99;95.81;656.4;0.08837;0.12300000000000001;0.1009;0.0389;0.1872;0.06341000000000001;0.2542;1.079;2.615;23.11;0.007137999999999999;0.04653;0.03829;0.01162;0.02068;0.006111;16.22;31.73;113.5;808.9;0.134;0.4202;0.40399999999999997;0.1205;0.3187;0.1023
Malignant;15.46;11.89;102.5;736.9;0.1257;0.1555;0.2032;0.1097;0.1966;0.07069;0.4209;0.6583;2.805;44.64;0.005393;0.023209999999999998;0.04303;0.0132;0.01792;0.004168;18.79;17.04;125.0;1102.0;0.1531;0.3583;0.583;0.1827;0.3216;0.10099999999999999
Malignant;15.61;19.38;100.0;758.6;0.0784;0.05616;0.042089999999999995;0.02847;0.1547;0.05442999999999999;0.2298;0.9988;1.534;22.18;0.002826;0.009105;0.01311;0.005174;0.01013;0.0013449999999999998;17.91;31.67;115.9;988.6;0.1084;0.1807;0.226;0.08567999999999999;0.2683;0.06829
Benign;9.042;18.9;60.07;244.5;0.09967999999999999;0.1972;0.1975;0.04908;0.233;0.08743;0.4653;1.911;3.7689999999999997;24.2;0.009845;0.0659;0.1027;0.025269999999999997;0.034910000000000004;0.007877;10.06;23.4;68.62;297.1;0.1221;0.3748;0.4609;0.1145;0.3135;0.1055
Benign;8.888;14.64;58.79;244.0;0.09783;0.1531;0.08606;0.02872;0.1902;0.0898;0.5262;0.8522;3.168;25.44;0.01721;0.09368;0.05671;0.01766;0.02541;0.02193;9.732999999999999;15.67;62.56;284.4;0.1207;0.2436;0.1434;0.04786;0.2254;0.1084
Malignant;16.13;17.88;107.0;807.2;0.10400000000000001;0.1559;0.1354;0.07752;0.1998;0.06515;0.33399999999999996;0.6857;2.1830000000000003;35.03;0.004185;0.02868;0.026639999999999997;0.009067;0.01703;0.003817;20.21;27.26;132.7;1261.0;0.1446;0.5804;0.5274;0.1864;0.42700000000000005;0.1233
Malignant;13.86;16.93;90.96;578.9;0.1026;0.1517;0.09901;0.05602000000000001;0.2106;0.06916;0.2563;1.194;1.933;22.69;0.00596;0.03438;0.03909;0.01435;0.01939;0.00456;15.75;26.93;104.4;750.1;0.146;0.43700000000000006;0.4636;0.1654;0.363;0.1059
Malignant;15.53;33.56;103.7;744.9;0.1063;0.1639;0.1751;0.08399;0.2091;0.0665;0.2419;1.278;1.903;23.02;0.005345;0.02556;0.02889;0.01022;0.009947;0.0033590000000000004;18.49;49.54;126.3;1035.0;0.1883;0.5564;0.5703;0.2014;0.3512;0.1204
Malignant;13.82;24.49;92.33;595.9;0.1162;0.1681;0.1357;0.06759;0.2275;0.07237;0.4751;1.528;2.9739999999999998;39.05;0.00968;0.038560000000000004;0.03476;0.01616;0.02434;0.006995;16.01;32.94;106.0;788.0;0.1794;0.3966;0.3381;0.1521;0.3651;0.1183
Benign;10.49;19.29;67.41;336.1;0.09988999999999999;0.08578;0.02995;0.01201;0.2217;0.06481;0.355;1.534;2.302;23.13;0.007595;0.02219;0.0288;0.008614;0.0271;0.0034509999999999996;11.54;23.31;74.22;402.8;0.1219;0.1486;0.07987000000000001;0.03203;0.2826;0.07552
Benign;16.5;18.29;106.6;838.1;0.09686;0.08467999999999999;0.058620000000000005;0.04835;0.1495;0.055929999999999994;0.3389;1.439;2.344;33.58;0.0072569999999999996;0.01805;0.01832;0.010329999999999999;0.01694;0.002001;18.13;25.45;117.2;1009.0;0.1338;0.1679;0.1663;0.09122999999999999;0.2394;0.06469
Benign;11.63;29.29;74.87;415.1;0.09357;0.08574;0.0716;0.02017;0.1799;0.06166;0.3135;2.426;2.15;23.13;0.009861;0.02418;0.04275;0.009215000000000001;0.02475;0.002128;13.12;38.81;86.04;527.8;0.1406;0.2031;0.2923;0.06835;0.2884;0.0722
Malignant;10.95;21.35;71.9;371.1;0.1227;0.1218;0.1044;0.05669;0.1895;0.0687;0.2366;1.4280000000000002;1.8219999999999998;16.97;0.008064;0.01764;0.02595;0.01037;0.013569999999999999;0.0030399999999999997;12.84;35.34;87.22;514.0;0.1909;0.2698;0.4023;0.1424;0.2964;0.09606
Malignant;17.2;24.52;114.2;929.4;0.1071;0.183;0.1692;0.07944;0.1927;0.06487000000000001;0.5907;1.041;3.705;69.47;0.0058200000000000005;0.05616;0.04252;0.01127;0.015269999999999999;0.006299;23.32;33.82;151.6;1681.0;0.1585;0.7394;0.6566;0.1899;0.3313;0.1339
Benign;12.65;18.17;82.69;485.6;0.1076;0.1334;0.08017;0.05074;0.1641;0.06854;0.2324;0.6332;1.696;18.4;0.005704;0.02502;0.02636;0.010320000000000001;0.01759;0.003563;14.38;22.15;95.29;633.7;0.1533;0.3842;0.3582;0.1407;0.32299999999999995;0.1033
Benign;13.01;22.22;82.01;526.4;0.06251;0.01938;0.0015949999999999998;0.001852;0.1395;0.05234;0.1731;1.1420000000000001;1.101;14.34;0.003418;0.002252;0.0015949999999999998;0.001852;0.016130000000000002;0.0009683;14.0;29.02;88.18;608.8;0.08125;0.034319999999999996;0.007977;0.009259;0.2295;0.058429999999999996
Benign;11.54;10.72;73.73;409.1;0.08597;0.05969;0.013669999999999998;0.008907;0.1833;0.061;0.1312;0.3602;1.107;9.437999999999999;0.004124;0.0134;0.010029999999999999;0.004667;0.020319999999999998;0.001952;12.34;12.87;81.23;467.8;0.1092;0.1626;0.08324;0.04715;0.33899999999999997;0.07434
Benign;12.45;16.41;82.85;476.7;0.09514;0.1511;0.1544;0.04846;0.2082;0.07325;0.3921;1.207;5.004;30.19;0.007234;0.07471;0.1114;0.02721;0.03232;0.009627;13.78;21.03;97.82;580.6;0.1175;0.4061;0.4896;0.1342;0.3231;0.1034
Benign;12.67;17.3;81.25;489.9;0.1028;0.07664;0.03193;0.02107;0.1707;0.05984;0.21;0.9505;1.5659999999999998;17.61;0.006809;0.009514;0.01329;0.006474;0.020569999999999998;0.001784;13.71;21.1;88.7;574.4;0.1384;0.1212;0.102;0.05602000000000001;0.2688;0.06888
Malignant;16.02;23.24;102.7;797.8;0.08206000000000001;0.06669;0.03299;0.03323;0.1528;0.05697000000000001;0.3795;1.187;2.4659999999999997;40.51;0.004029;0.009269;0.011009999999999999;0.007591;0.0146;0.003042;19.19;33.88;123.8;1150.0;0.1181;0.1551;0.1459;0.09975;0.2948;0.08452
Benign;13.5;12.71;85.69;566.2;0.07376;0.03614;0.002758;0.004419;0.1365;0.05335;0.2244;0.6864;1.5090000000000001;20.39;0.0033380000000000003;0.003746;0.00203;0.003242;0.0148;0.0015660000000000001;14.97;16.94;95.48;698.7;0.09022999999999999;0.05836;0.01379;0.0221;0.2267;0.06192
Benign;12.95;16.02;83.14;513.7;0.1005;0.07943;0.06155;0.0337;0.17300000000000001;0.0647;0.2094;0.7636;1.2309999999999999;17.67;0.008725;0.020030000000000003;0.02335;0.01132;0.02625;0.004726;13.74;19.93;88.81;585.4;0.1483;0.2068;0.2241;0.1056;0.33799999999999997;0.09584
Benign;14.44;15.18;93.97;640.1;0.0997;0.1021;0.08487;0.05532;0.1724;0.06081;0.2406;0.7394;2.12;21.2;0.005706;0.022969999999999997;0.031139999999999998;0.01493;0.01454;0.0025280000000000003;15.85;19.85;108.6;766.9;0.1316;0.2735;0.3103;0.1599;0.2691;0.07683
Benign;12.91;16.33;82.53;516.4;0.07941000000000001;0.05366;0.03873;0.02377;0.1829;0.056670000000000005;0.1942;0.9086;1.493;15.75;0.005298;0.01587;0.023209999999999998;0.00842;0.01853;0.002152;13.88;22.0;90.81;600.6;0.1097;0.1506;0.1764;0.08235;0.3024;0.06949
Malignant;19.45;19.33;126.5;1169.0;0.1035;0.1188;0.1379;0.08591;0.1776;0.056470000000000006;0.5959;0.6342;3.7969999999999997;71.0;0.004649;0.018000000000000002;0.027489999999999997;0.01267;0.01365;0.00255;25.7;24.57;163.1;1972.0;0.1497;0.3161;0.4317;0.1999;0.3379;0.0895
Benign;10.2;17.48;65.05;321.2;0.08054;0.059070000000000004;0.05774;0.010709999999999999;0.1964;0.06315;0.3567;1.922;2.747;22.79;0.00468;0.0312;0.05774;0.010709999999999999;0.0256;0.004613;11.48;24.47;75.4;403.7;0.09527000000000001;0.1397;0.1925;0.035710000000000006;0.2868;0.07808999999999999
Malignant;15.49;19.97;102.4;744.7;0.11599999999999999;0.1562;0.1891;0.09112999999999999;0.1929;0.06744;0.647;1.331;4.675;66.91;0.007268999999999999;0.02928;0.04972;0.016390000000000002;0.01852;0.004232;21.2;29.41;142.1;1359.0;0.1681;0.3913;0.5553;0.2121;0.3187;0.1019
Malignant;15.5;21.08;102.9;803.1;0.11199999999999999;0.1571;0.1522;0.08481;0.2085;0.06863999999999999;1.37;1.213;9.424;176.5;0.008198;0.03889;0.04493;0.02139;0.02018;0.005815;23.17;27.65;157.1;1748.0;0.1517;0.4002;0.4211;0.2134;0.3003;0.1048
Benign;10.48;19.86;66.72;337.7;0.107;0.05971;0.048310000000000006;0.0307;0.1737;0.0644;0.3719;2.612;2.517;23.22;0.016040000000000002;0.013859999999999999;0.01865;0.01133;0.03476;0.0035600000000000002;11.48;29.46;73.68;402.8;0.1515;0.1026;0.1181;0.06736;0.2883;0.07748
Benign;11.34;21.26;72.48;396.5;0.08759;0.06575;0.051329999999999994;0.01899;0.1487;0.06529;0.2344;0.9861;1.597;16.41;0.009113;0.015569999999999999;0.02443;0.006435;0.01568;0.002477;13.01;29.15;83.99;518.1;0.1699;0.2196;0.312;0.08277999999999999;0.2829;0.08832000000000001
Benign;11.04;16.83;70.92;373.2;0.1077;0.07804;0.03046;0.0248;0.1714;0.0634;0.1967;1.3869999999999998;1.3419999999999999;13.54;0.005158;0.009355;0.01056;0.007483;0.01718;0.002198;12.41;26.44;79.93;471.4;0.1369;0.1482;0.1067;0.07431;0.2998;0.07881
Malignant;23.27;22.04;152.1;1686.0;0.08438999999999999;0.1145;0.1324;0.09702000000000001;0.1801;0.055529999999999996;0.6642;0.8561;4.603;97.85;0.00491;0.02544;0.02822;0.01623;0.01956;0.00374;28.01;28.22;184.2;2403.0;0.1228;0.3583;0.3948;0.2346;0.3589;0.09187000000000001
Benign;13.53;10.94;87.91;559.2;0.1291;0.1047;0.06877;0.06556000000000001;0.2403;0.06641;0.4101;1.014;2.6519999999999997;32.65;0.0134;0.02839;0.01162;0.008239;0.02572;0.006164;14.08;12.49;91.36;605.5;0.1451;0.1379;0.08539;0.07407000000000001;0.271;0.07191
Malignant;18.94;21.31;123.6;1130.0;0.09009;0.1029;0.10800000000000001;0.07951;0.1582;0.05461;0.7888;0.7975;5.486000000000001;96.05;0.004444;0.01652;0.022690000000000002;0.0137;0.013859999999999999;0.001698;24.86;26.58;165.9;1866.0;0.1193;0.2336;0.2687;0.1789;0.2551;0.06589
Benign;11.14;14.07;71.24;384.6;0.07274;0.06064;0.04505;0.014709999999999999;0.16899999999999998;0.060829999999999995;0.4222;0.8092;3.33;28.84;0.005541;0.03387;0.04505;0.014709999999999999;0.03102;0.004831;12.12;15.82;79.62;453.5;0.08864;0.1256;0.1201;0.03922;0.2576;0.07017999999999999
Malignant;20.92;25.09;143.0;1347.0;0.1099;0.2236;0.3174;0.1474;0.2149;0.06879;0.9622;1.026;8.758;118.8;0.006399;0.0431;0.07845;0.02624;0.020569999999999998;0.006213000000000001;24.29;29.41;179.1;1819.0;0.1407;0.4186;0.6599;0.2542;0.2929;0.09873
Malignant;15.06;19.83;100.3;705.6;0.1039;0.1553;0.17;0.08815;0.1855;0.06284;0.4768;0.9644;3.7060000000000004;47.14;0.00925;0.03715;0.04867;0.01851;0.014980000000000002;0.00352;18.23;24.23;123.5;1025.0;0.1551;0.4203;0.5203;0.2115;0.2834;0.08234
Benign;12.32;12.39;78.85;464.1;0.1028;0.06981;0.039869999999999996;0.037000000000000005;0.1959;0.05955;0.23600000000000002;0.6656;1.67;17.43;0.008045;0.0118;0.01683;0.01241;0.01924;0.002248;13.5;15.64;86.97;549.1;0.1385;0.1266;0.1242;0.09391000000000001;0.2827;0.06771
Malignant;18.22;18.7;120.3;1033.0;0.1148;0.1485;0.1772;0.106;0.2092;0.0631;0.8337;1.5930000000000002;4.877;98.81;0.003899;0.02961;0.02817;0.009222;0.026739999999999996;0.0051259999999999995;20.6;24.13;135.1;1321.0;0.128;0.2297;0.2623;0.1325;0.3021;0.07987000000000001
Benign;14.22;27.85;92.55;623.9;0.08223;0.1039;0.1103;0.04408;0.1342;0.06129;0.3354;2.324;2.105;29.96;0.006307;0.02845;0.0385;0.01011;0.01185;0.003589;15.75;40.54;102.5;764.0;0.1081;0.2426;0.3064;0.08219;0.18899999999999997;0.07796
Malignant;19.44;18.82;128.1;1167.0;0.1089;0.1448;0.2256;0.1194;0.1823;0.06115;0.5659;1.4080000000000001;3.6310000000000002;67.74;0.005288;0.02833;0.04256;0.01176;0.017169999999999998;0.003211;23.96;30.39;153.9;1740.0;0.1514;0.3725;0.5936;0.20600000000000002;0.3266;0.09009
Malignant;13.71;20.83;90.2;577.9;0.1189;0.1645;0.09366000000000001;0.05985;0.2196;0.07451;0.5835;1.3769999999999998;3.8560000000000003;50.96;0.008805;0.030289999999999997;0.024880000000000003;0.014480000000000002;0.01486;0.005412;17.06;28.14;110.6;897.0;0.1654;0.3682;0.2678;0.1556;0.3196;0.1151
Benign;14.69;13.98;98.22;656.1;0.1031;0.1836;0.145;0.063;0.2086;0.07406;0.5462;1.511;4.795;49.45;0.009976;0.05244;0.052779999999999994;0.0158;0.02653;0.005444;16.46;18.34;114.1;809.2;0.1312;0.3635;0.3219;0.1108;0.2827;0.09208
Benign;10.6;18.95;69.28;346.4;0.09688;0.1147;0.06387000000000001;0.02642;0.1922;0.06491;0.4505;1.197;3.43;27.1;0.00747;0.03581;0.03354;0.01365;0.035039999999999995;0.0033179999999999998;11.88;22.94;78.28;424.8;0.1213;0.2515;0.1916;0.07926;0.294;0.07587
Benign;12.99;14.23;84.08;514.3;0.09462000000000001;0.09965;0.037380000000000004;0.020980000000000002;0.1652;0.07238;0.1814;0.6412;0.9219;14.41;0.005231;0.02305;0.03113;0.007315;0.016390000000000002;0.0057009999999999995;13.72;16.91;87.38;576.0;0.1142;0.1975;0.145;0.0585;0.2432;0.1009
Benign;11.13;16.62;70.47;381.1;0.08151;0.03834;0.01369;0.0137;0.1511;0.06147999999999999;0.1415;0.9671;0.968;9.704;0.005883;0.006263;0.009398;0.006189;0.02009;0.0023769999999999998;11.68;20.29;74.35;421.1;0.10300000000000001;0.062189999999999995;0.0458;0.04044;0.2383;0.07082999999999999
Malignant;23.09;19.83;152.1;1682.0;0.09342;0.1275;0.1676;0.1003;0.1505;0.05484;1.291;0.7452;9.635;180.2;0.005753;0.03356;0.039760000000000004;0.02156;0.02201;0.002897;30.79;23.87;211.5;2782.0;0.1199;0.3625;0.3794;0.2264;0.2908;0.07277
Benign;12.4;17.68;81.47;467.8;0.1054;0.1316;0.07741;0.027989999999999998;0.1811;0.07102;0.1767;1.46;2.204;15.43;0.01;0.03295;0.04861;0.01167;0.02187;0.006005;12.88;22.91;89.61;515.8;0.145;0.2629;0.2403;0.0737;0.2556;0.09358999999999999
Malignant;19.27;26.47;127.9;1162.0;0.09401;0.1719;0.1657;0.07593;0.1853;0.06261;0.5558;0.6062;3.528;68.17;0.0050149999999999995;0.03318;0.03497;0.009643;0.015430000000000001;0.003896;24.15;30.9;161.4;1813.0;0.1509;0.659;0.6091;0.1785;0.3672;0.1123
Malignant;14.6;23.29;93.97;664.7;0.08682000000000001;0.06636;0.0839;0.05271;0.1627;0.05416;0.4157;1.6269999999999998;2.9139999999999997;33.01;0.008312;0.017419999999999998;0.033889999999999997;0.01576;0.0174;0.0028710000000000003;15.79;31.71;102.2;758.2;0.1312;0.1581;0.2675;0.1359;0.2477;0.06836
Malignant;17.54;19.32;115.1;951.6;0.08968;0.1198;0.1036;0.07488;0.1506;0.05491;0.3971;0.8282;3.088;40.73;0.00609;0.025689999999999998;0.02713;0.01345;0.01594;0.0026579999999999998;20.42;25.84;139.5;1239.0;0.1381;0.342;0.3508;0.1939;0.2928;0.07867
Benign;14.05;27.15;91.38;600.4;0.09929;0.1126;0.04462;0.043039999999999995;0.1537;0.06171;0.3645;1.492;2.888;29.84;0.007256;0.02678;0.02071;0.01626;0.0208;0.005304;15.3;33.17;100.2;706.7;0.1241;0.2264;0.1326;0.1048;0.225;0.08321
Benign;9.423;27.88;59.26;271.3;0.08123;0.049710000000000004;0.0;0.0;0.1742;0.06059;0.5375;2.927;3.6180000000000003;29.11;0.011590000000000001;0.01124;0.0;0.0;0.030039999999999997;0.003324;10.49;34.24;66.5;330.6;0.1073;0.07157999999999999;0.0;0.0;0.2475;0.06969
Malignant;17.3;17.08;113.0;928.2;0.1008;0.1041;0.1266;0.08353;0.1813;0.05612999999999999;0.3093;0.8568;2.193;33.63;0.004757;0.015030000000000002;0.02332;0.012620000000000001;0.013940000000000001;0.002362;19.85;25.09;130.9;1222.0;0.1416;0.2405;0.3378;0.1857;0.3138;0.08113
Benign;12.85;21.37;82.63;514.5;0.07551000000000001;0.08316;0.06126;0.01867;0.158;0.06114;0.4993;1.798;2.552;41.24;0.006011;0.0448;0.05175;0.01341;0.02669;0.007731;14.4;27.01;91.63;645.8;0.09402;0.1936;0.1838;0.056010000000000004;0.2488;0.08151
Benign;13.15;15.34;85.31;538.9;0.09383999999999999;0.08498;0.09293;0.03483;0.1822;0.06207000000000001;0.271;0.7927;1.819;22.79;0.008584;0.02017;0.03047;0.009536;0.02769;0.003479;14.77;20.5;97.67;677.3;0.1478;0.2256;0.3009;0.09722;0.3849;0.08632999999999999
Benign;13.2;17.43;84.13;541.6;0.07215;0.045239999999999995;0.04336;0.01105;0.1487;0.05635;0.163;1.601;0.873;13.56;0.006261;0.01569;0.030789999999999998;0.005383;0.01962;0.00225;13.94;27.82;88.28;602.0;0.1101;0.1508;0.2298;0.0497;0.2767;0.07198
Malignant;15.46;19.48;101.7;748.9;0.1092;0.1223;0.1466;0.08087000000000001;0.1931;0.057960000000000005;0.4743;0.7859;3.094;48.31;0.00624;0.01484;0.028130000000000002;0.01093;0.013969999999999998;0.002461;19.26;26.0;124.9;1156.0;0.1546;0.2394;0.3791;0.1514;0.2837;0.08019
Benign;13.05;19.31;82.61;527.2;0.0806;0.03789;0.000692;0.0041670000000000006;0.1819;0.05501;0.40399999999999997;1.214;2.595;32.96;0.007490999999999999;0.008593;0.000692;0.0041670000000000006;0.0219;0.00299;14.23;22.25;90.24;624.1;0.1021;0.06191;0.0018449999999999999;0.01111;0.2439;0.06289
Benign;11.71;17.19;74.68;420.3;0.09774;0.06141;0.03809;0.032389999999999995;0.1516;0.06095;0.2451;0.7655;1.742;17.86;0.006905;0.008704;0.019780000000000002;0.01185;0.018969999999999997;0.0016710000000000002;13.01;21.39;84.42;521.5;0.1323;0.10400000000000001;0.1521;0.1099;0.2572;0.07097
Malignant;15.78;22.91;105.7;782.6;0.1155;0.1752;0.2133;0.09479;0.2096;0.07331;0.552;1.072;3.5980000000000003;58.63;0.008699;0.039760000000000004;0.0595;0.0139;0.01495;0.005984000000000001;20.19;30.5;130.3;1272.0;0.1855;0.4925;0.7356;0.2034;0.3274;0.1252
Malignant;20.6;29.33;140.1;1265.0;0.1178;0.27699999999999997;0.3514;0.152;0.2397;0.07016;0.726;1.595;5.772;86.22;0.006522;0.061579999999999996;0.07117000000000001;0.016640000000000002;0.02324;0.006185;25.74;39.42;184.6;1821.0;0.165;0.8681;0.9387;0.265;0.4087;0.124
Malignant;24.25;20.2;166.2;1761.0;0.1447;0.2867;0.4268;0.2012;0.2655;0.06877;1.5090000000000001;3.12;9.807;233.0;0.02333;0.09806000000000001;0.1278;0.01822;0.04547;0.009875;26.02;23.99;180.9;2073.0;0.1696;0.4244;0.5803;0.2248;0.3222;0.08009
Benign;12.06;18.9;76.66;445.3;0.08386;0.05794;0.007509999999999999;0.008487999999999999;0.1555;0.06047999999999999;0.243;1.1520000000000001;1.5590000000000002;18.02;0.00718;0.01096;0.005832;0.005495;0.019819999999999997;0.002754;13.64;27.06;86.54;562.6;0.1289;0.1352;0.04506;0.05093;0.28800000000000003;0.08083
Malignant;18.82;21.97;123.7;1110.0;0.1018;0.1389;0.1594;0.08744;0.1943;0.061320000000000006;0.8191;1.931;4.493;103.9;0.008074;0.04088;0.05321;0.018340000000000002;0.02383;0.004515;22.66;30.93;145.3;1603.0;0.139;0.3463;0.3912;0.1708;0.3007;0.08313999999999999
Benign;14.42;16.54;94.15;641.2;0.09751;0.1139;0.08007;0.042230000000000004;0.1912;0.06412000000000001;0.3491;0.7706;2.677;32.14;0.004577;0.03053;0.0384;0.01243;0.01873;0.0033729999999999997;16.67;21.51;111.4;862.1;0.1294;0.3371;0.3755;0.1414;0.3053;0.08764
Benign;13.77;13.27;88.06;582.7;0.09197999999999999;0.06221;0.01063;0.01917;0.1592;0.059120000000000006;0.2191;0.6946;1.479;17.74;0.0043479999999999994;0.008153;0.004272;0.006829000000000001;0.02154;0.001802;14.67;16.93;94.17;661.1;0.11699999999999999;0.1072;0.03732;0.05802;0.2823;0.06794
Benign;11.49;14.59;73.99;404.9;0.1046;0.08227999999999999;0.053079999999999995;0.01969;0.1779;0.06573999999999999;0.2034;1.166;1.567;14.34;0.004957;0.02114;0.04156;0.008038;0.018430000000000002;0.003614;12.4;21.9;82.04;467.6;0.1352;0.201;0.2596;0.07431;0.2941;0.0918
Malignant;20.13;28.25;131.2;1261.0;0.0978;0.1034;0.14400000000000002;0.09791;0.1752;0.05533;0.7655;2.463;5.202999999999999;99.04;0.005769;0.02423;0.0395;0.01678;0.01898;0.0024980000000000002;23.69;38.25;155.0;1731.0;0.1166;0.1922;0.3215;0.1628;0.2572;0.06637
Benign;10.91;12.35;69.14;363.7;0.08517999999999999;0.04721;0.01236;0.01369;0.1449;0.06031;0.1753;1.0270000000000001;1.2670000000000001;11.09;0.003478;0.012209999999999999;0.01072;0.009393;0.029410000000000002;0.003428;11.37;14.82;72.42;392.2;0.09312000000000001;0.07506;0.028839999999999998;0.031939999999999996;0.2143;0.06642999999999999
Malignant;19.79;25.12;130.4;1192.0;0.1015;0.1589;0.2545;0.1149;0.2202;0.06113;0.4953;1.199;2.765;63.33;0.005033;0.03179;0.04755;0.01043;0.015780000000000002;0.0032240000000000003;22.63;33.58;148.7;1589.0;0.1275;0.3861;0.5673;0.1732;0.3305;0.08465
Benign;11.89;17.36;76.2;435.6;0.1225;0.0721;0.059289999999999995;0.07404;0.2015;0.05875;0.6412;2.293;4.021;48.84;0.014180000000000002;0.01489;0.01267;0.0191;0.02678;0.003002;12.4;18.99;79.46;472.4;0.1359;0.08367999999999999;0.07153;0.08946;0.222;0.060329999999999995
Benign;11.71;15.45;75.03;420.3;0.115;0.07281;0.040060000000000005;0.0325;0.2009;0.06506;0.3446;0.7395;2.355;24.53;0.009536;0.01097;0.01651;0.01121;0.019530000000000002;0.0031;13.06;18.16;84.16;516.4;0.146;0.1115;0.1087;0.07864;0.2765;0.07806
Malignant;17.47;24.68;116.1;984.6;0.1049;0.1603;0.2159;0.1043;0.1538;0.06365;1.088;1.41;7.337000000000001;122.3;0.006174;0.03634;0.046439999999999995;0.01569;0.01145;0.00512;23.14;32.33;155.3;1660.0;0.1376;0.38299999999999995;0.489;0.1721;0.21600000000000003;0.09300000000000001
Malignant;17.99;20.66;117.8;991.7;0.1036;0.1304;0.1201;0.08824;0.1992;0.06069;0.4537;0.8733;3.0610000000000004;49.81;0.0072310000000000004;0.027719999999999998;0.02509;0.0148;0.01414;0.003336;21.08;25.41;138.1;1349.0;0.1482;0.3735;0.3301;0.1974;0.306;0.08503
Malignant;19.17;24.8;132.4;1123.0;0.0974;0.2458;0.2065;0.1118;0.2397;0.078;0.9555;3.568;11.07;116.2;0.003139;0.08297;0.0889;0.0409;0.04484;0.01284;20.96;29.94;151.7;1332.0;0.1037;0.3903;0.3639;0.1767;0.3176;0.1023
Malignant;20.31;27.06;132.9;1288.0;0.1;0.1088;0.1519;0.09333;0.1814;0.055720000000000006;0.3977;1.033;2.5869999999999997;52.34;0.005043;0.015780000000000002;0.021169999999999998;0.008185;0.012819999999999998;0.0018920000000000002;24.33;39.16;162.3;1844.0;0.1522;0.2945;0.3788;0.1697;0.3151;0.07998999999999999
Malignant;20.64;17.35;134.8;1335.0;0.09446;0.1076;0.1527;0.08941;0.1571;0.054779999999999995;0.6137;0.6575;4.119;77.02;0.006211;0.01895;0.026810000000000004;0.012320000000000001;0.012759999999999999;0.0017109999999999998;25.37;23.17;166.8;1946.0;0.1562;0.3055;0.4159;0.2112;0.2689;0.07055
Benign;9.436;18.32;59.82;278.6;0.1009;0.05956;0.0271;0.01406;0.1506;0.06959;0.5079;1.247;3.267;30.48;0.006836;0.008981999999999999;0.02348;0.0065650000000000005;0.01942;0.0027129999999999997;12.02;25.02;75.79;439.6;0.1333;0.1049;0.1144;0.050519999999999995;0.2454;0.08136
Benign;13.08;15.71;85.63;520.0;0.1075;0.127;0.04568;0.0311;0.1967;0.06811;0.1852;0.7477;1.383;14.67;0.004097;0.01898;0.016980000000000002;0.006490000000000001;0.01678;0.002425;14.5;20.49;96.09;630.5;0.1312;0.2776;0.18899999999999997;0.07282999999999999;0.3184;0.08183
Benign;14.81;14.7;94.66;680.7;0.08472;0.05016;0.03416;0.02541;0.1659;0.05347999999999999;0.2182;0.6232;1.6769999999999998;20.72;0.0067079999999999996;0.01197;0.014819999999999998;0.01056;0.0158;0.001779;15.61;17.58;101.7;760.2;0.1139;0.1011;0.1101;0.07955;0.2334;0.06142
Benign;9.777000000000001;16.99;62.5;290.2;0.1037;0.08404;0.04334;0.01778;0.1584;0.07065;0.40299999999999997;1.4240000000000002;2.747;22.87;0.01385;0.02932;0.027219999999999998;0.01023;0.03281;0.004638000000000001;11.05;21.47;71.68;367.0;0.1467;0.1765;0.13;0.05334;0.2533;0.08467999999999999
Malignant;15.1;22.02;97.26;712.8;0.09056;0.07081;0.05252999999999999;0.033339999999999995;0.1616;0.056839999999999995;0.3105;0.8339;2.097;29.91;0.004675;0.0103;0.016030000000000003;0.009222;0.01095;0.001629;18.1;31.69;117.7;1030.0;0.1389;0.2057;0.2712;0.153;0.2675;0.07873
Malignant;15.78;17.89;103.6;781.0;0.0971;0.1292;0.09954;0.06606000000000001;0.1842;0.060820000000000006;0.5058;0.9849;3.5639999999999996;54.16;0.005771;0.04061;0.02791;0.012819999999999998;0.02008;0.004144;20.42;27.28;136.5;1299.0;0.1396;0.5609;0.3965;0.18100000000000002;0.3792;0.1048
Benign;15.19;13.21;97.65;711.8;0.07962999999999999;0.06934;0.03393;0.02657;0.1721;0.055439999999999996;0.1783;0.4125;1.338;17.72;0.005012;0.01485;0.01551;0.009155;0.01647;0.0017670000000000001;16.2;15.73;104.5;819.1;0.1126;0.1737;0.1362;0.08177999999999999;0.2487;0.06766
Malignant;16.65;21.38;110.0;904.6;0.1121;0.1457;0.1525;0.0917;0.1995;0.0633;0.8068;0.9017;5.455;102.6;0.0060479999999999996;0.01882;0.027410000000000004;0.0113;0.01468;0.002801;26.46;31.56;177.0;2215.0;0.1805;0.3578;0.4695;0.2095;0.3613;0.09564
Benign;11.57;19.04;74.2;409.7;0.08546000000000001;0.07722000000000001;0.05485;0.014280000000000001;0.2031;0.06267;0.2864;1.44;2.206;20.3;0.007278;0.02047;0.044469999999999996;0.008799;0.018680000000000002;0.003339;13.07;26.98;86.43;520.5;0.1249;0.1937;0.256;0.06663999999999999;0.3035;0.08284
Benign;13.68;16.33;87.76;575.5;0.09277;0.07255;0.017519999999999997;0.0188;0.1631;0.06155;0.2047;0.4801;1.3730000000000002;17.25;0.0038280000000000002;0.007228;0.007078;0.005077;0.01054;0.001697;15.85;20.2;101.6;773.4;0.1264;0.1564;0.1206;0.08703999999999999;0.2806;0.07782
Benign;12.47;18.6;81.09;481.9;0.09965;0.1058;0.08005;0.03821;0.1925;0.06373;0.3961;1.044;2.497;30.29;0.006953;0.01911;0.027010000000000003;0.01037;0.01782;0.0035859999999999998;14.97;24.64;96.05;677.9;0.1426;0.2378;0.2671;0.1015;0.3014;0.0875
Benign;12.62;23.97;81.35;496.4;0.07902999999999999;0.07529;0.05438;0.02036;0.1514;0.06019;0.2449;1.0659999999999998;1.445;18.51;0.005169;0.022940000000000002;0.030160000000000003;0.008690999999999999;0.01365;0.003407;14.2;31.31;90.67;624.0;0.1227;0.3454;0.3911;0.11800000000000001;0.2826;0.09585
Benign;13.11;22.54;87.02;529.4;0.1002;0.1483;0.08705;0.051019999999999996;0.185;0.0731;0.1931;0.9223;1.4909999999999999;15.09;0.005251;0.030410000000000003;0.025259999999999998;0.008304;0.02514;0.0041979999999999995;14.55;29.16;99.48;639.3;0.1349;0.4402;0.3162;0.1126;0.4128;0.1076
Malignant;17.14;16.4;116.0;912.7;0.1186;0.2276;0.2229;0.1401;0.304;0.07413;1.046;0.976;7.276;111.4;0.008029000000000001;0.037989999999999996;0.03732;0.023969999999999998;0.02308;0.007444;22.25;21.4;152.4;1461.0;0.1545;0.3949;0.3853;0.255;0.4066;0.1059
Benign;14.26;19.65;97.83;629.9;0.07837000000000001;0.2233;0.3003;0.07798;0.1704;0.07769;0.3628;1.49;3.3989999999999996;29.25;0.005298;0.07446;0.1435;0.02292;0.025660000000000002;0.012980000000000002;15.3;23.73;107.0;709.0;0.08949;0.4193;0.6783;0.1505;0.2398;0.1082
Benign;13.9;19.24;88.73;602.9;0.07991000000000001;0.05326;0.02995;0.0207;0.1579;0.05594;0.3316;0.9264;2.056;28.41;0.003704;0.01082;0.0153;0.006275;0.010620000000000001;0.0022170000000000002;16.41;26.42;104.4;830.5;0.1064;0.1415;0.1673;0.0815;0.2356;0.07603
Benign;10.26;16.58;65.85;320.8;0.08877;0.08066;0.04358;0.024380000000000002;0.1669;0.06713999999999999;0.1144;1.023;0.9887;7.3260000000000005;0.01027;0.03084;0.02613;0.01097;0.02277;0.00589;10.83;22.04;71.08;357.4;0.1461;0.2246;0.1783;0.08333;0.2691;0.09479
Benign;12.72;17.67;80.98;501.3;0.07896;0.045219999999999996;0.01402;0.01835;0.1459;0.055439999999999996;0.2954;0.8836;2.109;23.24;0.007337000000000001;0.01174;0.005383;0.0056229999999999995;0.0194;0.00118;13.82;20.96;88.87;586.8;0.1068;0.09605;0.03469;0.03612;0.2165;0.06025
Malignant;13.17;18.66;85.98;534.6;0.1158;0.1231;0.1226;0.0734;0.2128;0.06777000000000001;0.2871;0.8937;1.8969999999999998;24.25;0.006532;0.02336;0.02905;0.01215;0.01743;0.003643;15.67;27.95;102.8;759.4;0.1786;0.4166;0.5006;0.2088;0.39;0.1179
Benign;11.68;16.17;75.49;420.5;0.1128;0.09262999999999999;0.042789999999999995;0.03132;0.1853;0.06401;0.3713;1.1540000000000001;2.5540000000000003;27.57;0.008998;0.01292;0.01851;0.01167;0.021519999999999997;0.003213;13.32;21.59;86.57;549.8;0.1526;0.1477;0.149;0.09815;0.2804;0.08023999999999999
Benign;13.14;20.74;85.98;536.9;0.08675;0.1089;0.1085;0.0351;0.1562;0.0602;0.3152;0.7884;2.312;27.4;0.007295;0.03179;0.04615;0.01254;0.015609999999999999;0.00323;14.8;25.46;100.9;689.1;0.1351;0.3549;0.4504;0.1181;0.2563;0.08174
Benign;12.63;20.76;82.15;480.4;0.09933;0.1209;0.1065;0.06021;0.1735;0.0707;0.3424;1.8030000000000002;2.7110000000000003;20.48;0.01291;0.04042;0.05101;0.02295;0.02144;0.0058909999999999995;13.33;25.47;89.0;527.4;0.1287;0.225;0.2216;0.1105;0.2226;0.08486
Benign;8.726;15.83;55.84;230.9;0.115;0.08201;0.041319999999999996;0.01924;0.1649;0.07633;0.1665;0.5864;1.354;8.966000000000001;0.008261;0.02213;0.03259;0.0104;0.01708;0.0038060000000000004;9.628;19.62;64.48;284.4;0.1724;0.2364;0.2456;0.105;0.2926;0.1017
Benign;14.58;13.66;94.29;658.8;0.09832;0.08918;0.08222;0.04349;0.1739;0.0564;0.4165;0.6237;2.5610000000000004;37.11;0.004953;0.018119999999999997;0.03035;0.008648000000000001;0.015390000000000001;0.002281;16.76;17.24;108.5;862.0;0.1223;0.1928;0.2492;0.09186;0.2626;0.07048
Benign;14.03;21.25;89.79;603.4;0.0907;0.06945;0.01462;0.01896;0.1517;0.05835;0.2589;1.5030000000000001;1.6669999999999998;22.07;0.007389;0.01383;0.0073019999999999995;0.01004;0.012629999999999999;0.002925;15.33;30.28;98.27;715.5;0.1287;0.1513;0.062310000000000004;0.07962999999999999;0.2226;0.07617
Benign;13.27;17.02;84.55;546.4;0.08445;0.04994;0.035539999999999995;0.02456;0.1496;0.05674;0.2927;0.8907;2.044;24.68;0.006032;0.011040000000000001;0.02259;0.009056999999999999;0.014819999999999998;0.002496;15.14;23.6;98.84;708.8;0.1276;0.1311;0.1786;0.09677999999999999;0.2506;0.07622999999999999
Benign;9.683;19.34;61.05;285.7;0.08491;0.0503;0.02337;0.009615;0.158;0.06235;0.2957;1.3630000000000002;2.0540000000000003;18.24;0.00744;0.01123;0.02337;0.009615;0.02203;0.004154;10.93;25.59;69.1;364.2;0.1199;0.09546;0.0935;0.03846;0.2552;0.0792
Malignant;11.76;18.14;75.0;431.1;0.09967999999999999;0.05914;0.02685;0.03515;0.1619;0.06287000000000001;0.645;2.105;4.138;49.11;0.005596;0.01005;0.01272;0.01432;0.01575;0.002758;13.36;23.39;85.1;553.6;0.1137;0.07973999999999999;0.0612;0.0716;0.1978;0.06915
Benign;12.77;21.41;82.02;507.4;0.08749;0.06601;0.03112;0.02864;0.1694;0.06287000000000001;0.7311;1.7480000000000002;5.118;53.65;0.004571;0.0179;0.021759999999999998;0.01757;0.03373;0.005875;13.75;23.5;89.04;579.5;0.09387999999999999;0.08978;0.05186;0.04773;0.2179;0.06871000000000001
Benign;10.8;9.71;68.77;357.6;0.09594;0.05736;0.02531;0.016980000000000002;0.1381;0.064;0.1728;0.4064;1.126;11.48;0.007809;0.009816;0.01099;0.005344;0.01254;0.00212;11.6;12.02;73.66;414.0;0.1436;0.1257;0.1047;0.04603;0.209;0.07699
Benign;12.47;17.31;80.45;480.1;0.08928;0.0763;0.03609;0.02369;0.1526;0.06046;0.1532;0.7809999999999999;1.253;11.91;0.003796;0.01371;0.01346;0.007095999999999999;0.015359999999999999;0.001541;14.06;24.34;92.82;607.3;0.1276;0.2506;0.2028;0.1053;0.3035;0.07661
Benign;13.7;17.64;87.76;571.1;0.0995;0.07957;0.04548;0.0316;0.1732;0.06088;0.2431;0.9462;1.564;20.64;0.0032450000000000005;0.008186;0.016980000000000002;0.009233;0.01285;0.001524;14.96;23.53;95.78;686.5;0.1199;0.1346;0.1742;0.09077;0.2518;0.0696
Malignant;15.22;30.62;103.4;716.9;0.1048;0.2087;0.255;0.09429;0.2128;0.07152;0.2602;1.205;2.362;22.65;0.004625;0.04844;0.07359;0.01608;0.02137;0.006142;17.52;42.79;128.7;915.0;0.1417;0.7917;1.17;0.2356;0.4089;0.1409
Benign;10.57;18.32;66.82;340.9;0.08142;0.04462;0.01993;0.01111;0.2372;0.057679999999999995;0.1818;2.542;1.2770000000000001;13.12;0.01072;0.013309999999999999;0.01993;0.01111;0.017169999999999998;0.004492;10.94;23.31;69.35;366.3;0.09794;0.06542;0.03986;0.02222;0.2699;0.06736
Benign;12.0;28.23;76.77;442.5;0.08437;0.0645;0.04055;0.01945;0.1615;0.06104;0.1912;1.705;1.516;13.86;0.007334;0.025889999999999996;0.029410000000000002;0.009165999999999999;0.01745;0.004302;13.09;37.88;85.07;523.7;0.1208;0.1856;0.1811;0.07116;0.2447;0.08194
Malignant;15.05;19.07;97.26;701.9;0.09215;0.08597;0.07486;0.04335;0.1561;0.05915;0.386;1.198;2.63;38.49;0.004952000000000001;0.0163;0.02967;0.009423;0.01152;0.001718;17.58;28.06;113.8;967.0;0.1246;0.2101;0.2866;0.11199999999999999;0.2282;0.06954
Benign;14.92;14.93;96.45;686.9;0.08098;0.08549;0.055389999999999995;0.03221;0.1687;0.05669;0.2446;0.4334;1.8259999999999998;23.31;0.003271;0.0177;0.0231;0.008399;0.011479999999999999;0.002379;17.18;18.22;112.0;906.6;0.1065;0.2791;0.3151;0.1147;0.2688;0.08273
Benign;12.88;28.92;82.5;514.3;0.08123;0.05824;0.06195;0.02343;0.1566;0.05708;0.2116;1.36;1.5019999999999998;16.83;0.008412000000000001;0.02153;0.03898;0.00762;0.01695;0.002801;13.89;35.74;88.84;595.7;0.1227;0.162;0.2439;0.06493;0.2372;0.07242
Malignant;15.32;17.27;103.2;713.3;0.1335;0.2284;0.2448;0.1242;0.2398;0.07596;0.6592;1.0590000000000002;4.061;59.46;0.01015;0.045880000000000004;0.04983;0.021269999999999997;0.01884;0.00866;17.73;22.66;119.8;928.8;0.1765;0.4503;0.4429;0.2229;0.3258;0.1191
Benign;9.755;28.2;61.68;290.9;0.07984;0.04626;0.01541;0.01043;0.1621;0.05952;0.1781;1.6869999999999998;1.2429999999999999;11.28;0.006587999999999999;0.0127;0.0145;0.006104;0.01574;0.002268;10.67;36.92;68.03;349.9;0.111;0.1109;0.0719;0.04866;0.2321;0.07211000000000001
Benign;10.96;17.62;70.79;365.6;0.09687;0.09752000000000001;0.052629999999999996;0.027880000000000002;0.1619;0.06408;0.1507;1.5830000000000002;1.165;10.09;0.009501;0.033780000000000004;0.04401;0.01346;0.013219999999999999;0.0035340000000000002;11.62;26.51;76.43;407.5;0.1428;0.251;0.2123;0.09861;0.2289;0.08277999999999999
Benign;13.51;18.89;88.1;558.1;0.1059;0.1147;0.0858;0.053810000000000004;0.1806;0.06079;0.2136;1.3319999999999999;1.5130000000000001;19.29;0.005442;0.01957;0.03304;0.013669999999999998;0.01315;0.002464;14.8;27.2;97.33;675.2;0.1428;0.257;0.3438;0.1453;0.2666;0.07686