GOAL-Pollution Peaks;Date Local;NO2 Mean;NO2 1st Max Value;NO2 1st Max Hour;NO2 AQI;O3 Mean;O3 1st Max Value;O3 1st Max Hour;O3 AQI;SO2 Mean;SO2 1st Max Value;SO2 1st Max Hour;SO2 AQI;CO Mean;CO 1st Max Value;CO 1st Max Hour;CO AQI;month;year;day;season
No;05/01/2002;1;1;0;1;0.037208;0.051;16;43;1;1;0;1;1;1;5;11;January;2002;Saturday;winter
No;05/01/2002;5.478261;7;5;7;0.026667;0.031;11;26;1;1;0;1;1;1;0;11;January;2002;Saturday;winter
Yes;07/01/2002;1.521739;7;7;7;0.034333;0.059;9;50;1;1;0;1;1;1;0;11;January;2002;Monday;winter
Yes;07/01/2002;3.869565;8;6;8;0.044833;0.067;11;74;1.166667;3;14;4;1;1;0;11;January;2002;Monday;winter
No;09/01/2002;1;1;0;1;0.024583;0.044;9;37;1.041667;2;8;3;1;1;0;11;January;2002;Wednesday;winter
No;09/01/2002;2.478261;10;20;9;0.027667;0.049;11;42;1.041667;2;10;3;1;1;0;11;January;2002;Wednesday;winter
Yes;05/02/2002;2.565217;5;0;5;0.039625;0.059;11;50;1.083333;2;16;3;1;1;0;11;February;2002;Tuesday;winter
No;06/02/2002;4.434783;13;20;12;0.037;0.068;10;77;1;1;0;1;1;1;0;11;February;2002;Wednesday;winter
No;06/02/2002;2.521739;7;8;7;0.039;0.058;7;49;1;1;0;1;1;1;0;11;February;2002;Wednesday;winter
Yes;07/02/2002;1;1;0;1;0.035455;0.058;11;49;1;1;0;1;1;1;0;11;February;2002;Thursday;winter
No;09/02/2002;2.434783;6;4;6;0.03125;0.052;10;44;1.041667;2;7;3;1;1;0;11;February;2002;Saturday;winter
No;09/02/2002;1;1;0;1;0.0195;0.038;7;32;1;1;0;1;1;1;0;11;February;2002;Saturday;winter
Yes;06/03/2002;3.73913;10;7;9;0.035625;0.061;9;54;1;1;0;1;1;1;0;11;March;2002;Wednesday;winter
Yes;06/03/2002;1.695652;4;18;4;0.03125;0.052;6;44;1;1;0;1;1;1;0;11;March;2002;Wednesday;winter
Yes;07/03/2002;1.391304;4;21;4;0.041167;0.075;11;100;1;1;0;1;1;1;0;11;March;2002;Thursday;winter
No;09/03/2002;1;1;0;1;0.022042;0.042;9;36;1;1;0;1;1;1;0;11;March;2002;Saturday;winter
No;09/03/2002;5.173913;12;19;11;0.038208;0.071;11;87;1.125;2;9;3;1;1;0;11;March;2002;Saturday;winter
Yes;05/04/2002;2.913043;8;0;8;0.015917;0.032;11;27;1.25;3;10;4;1;1;0;11;April;2002;Friday;spring
Yes;05/04/2002;4.521739;6;21;6;0.017375;0.026;12;22;1;1;0;1;1;1;0;11;April;2002;Friday;spring
Yes;06/04/2002;4.26087;12;10;11;0.053625;0.081;9;114;1;1;0;1;1;1;0;11;April;2002;Saturday;spring
Yes;06/04/2002;1.086957;2;7;2;0.032625;0.053;9;45;1;1;0;1;1;1;0;11;April;2002;Saturday;spring
Yes;07/04/2002;2.826087;14;21;13;0.043417;0.075;12;100;1.083333;2;15;3;1;1;0;11;April;2002;Sunday;spring
No;09/04/2002;4.26087;9;19;8;0.043;0.074;10;97;1.125;2;12;3;1;1;0;11;April;2002;Tuesday;spring
No;09/04/2002;1.217391;3;20;3;0.03525;0.061;9;54;1;1;0;1;1;1;0;11;April;2002;Tuesday;spring
No;13/04/2002;3.347826;7;3;7;0.025958;0.041;11;35;1;1;0;1;1;1;0;11;April;2002;Saturday;spring
No;14/04/2002;2.565217;6;1;6;0.030083;0.04;10;34;1;1;0;1;1;1;0;11;April;2002;Sunday;spring
No;15/04/2002;4.478261;9;3;8;0.032333;0.057;12;48;1.041667;2;7;3;1;1;0;11;April;2002;Monday;spring
No;16/04/2002;4.782609;11;5;10;0.033042;0.052;10;44;1;1;0;1;1;1;0;11;April;2002;Tuesday;spring
Yes;17/04/2002;6.043478;14;20;13;0.025333;0.051;11;43;1;1;0;1;1;1;0;11;April;2002;Wednesday;spring
No;18/04/2002;3.782609;6;8;6;0.036625;0.068;10;77;1;1;0;1;1;1;0;11;April;2002;Thursday;spring
No;19/04/2002;6.347826;14;7;13;0.037167;0.06;10;51;1;1;0;1;1;1;0;11;April;2002;Friday;spring
No;20/04/2002;6.043478;13;21;12;0.027917;0.047;10;40;1;1;0;1;1;1;0;11;April;2002;Saturday;spring
No;21/04/2002;3.043478;7;7;7;0.04;0.053;10;45;1;1;0;1;1;1;0;11;April;2002;Sunday;spring
No;22/04/2002;2.869565;9;22;8;0.039708;0.054;12;46;1;1;0;1;1;1;0;11;April;2002;Monday;spring
No;23/04/2002;6.652174;16;20;15;0.029917;0.052;10;44;1;1;0;1;1;1;0;11;April;2002;Tuesday;spring
No;24/04/2002;7.73913;14;19;13;0.030208;0.046;10;39;1;1;0;1;1;1;0;11;April;2002;Wednesday;spring
No;25/04/2002;2.434783;9;0;8;0.041833;0.055;11;47;1;1;0;1;1;1;0;11;April;2002;Thursday;spring
No;26/04/2002;6.565217;15;21;14;0.027;0.042;8;36;1;1;0;1;1;1;0;11;April;2002;Friday;spring
No;27/04/2002;4.826087;10;0;9;0.034458;0.053;14;45;1;1;0;1;1;1;0;11;April;2002;Saturday;spring
No;28/04/2002;2.565217;4;3;4;0.038542;0.044;11;37;1;1;0;1;1;1;0;11;April;2002;Sunday;spring
No;29/04/2002;4;14;6;13;0.037208;0.055;10;47;1;1;0;1;1;1;0;11;April;2002;Monday;spring
No;04/05/2002;3.478261;12;6;11;0.038125;0.053;12;45;1;1;0;1;1;1;5;11;May;2002;Saturday;spring
Yes;05/05/2002;2.695652;11;19;10;0.031458;0.05;11;42;1;1;0;1;1;1;0;11;May;2002;Sunday;spring
Yes;05/05/2002;1;1;0;1;0.023792;0.038;10;32;1;1;0;1;1;1;0;11;May;2002;Sunday;spring
Yes;06/05/2002;3.652174;9;8;8;0.050167;0.076;12;101;1;1;0;1;1;1;0;11;May;2002;Monday;spring
Yes;06/05/2002;1.652174;8;23;8;0.025875;0.045;7;38;1;1;0;1;1;1;0;11;May;2002;Monday;spring
Yes;07/05/2002;1.043478;2;21;2;0.04625;0.069;9;80;1.208333;2;9;3;1;1;0;11;May;2002;Tuesday;spring
Yes;08/05/2002;3.695652;12;21;11;0.044958;0.077;11;104;1.291667;3;8;4;1;1;0;11;May;2002;Wednesday;spring
No;13/05/2002;1.173913;3;7;3;0.026208;0.041;10;35;1;1;0;1;1;1;0;11;May;2002;Monday;spring
No;13/05/2002;1.478261;3;3;3;0.037792;0.046;14;39;1;1;0;1;1;1;0;11;May;2002;Monday;spring
Yes;14/05/2002;4.391304;13;5;12;0.035125;0.057;11;48;1;1;0;1;1;1;0;11;May;2002;Tuesday;spring
Yes;14/05/2002;1.826087;9;7;8;0.036083;0.06;11;51;1;1;0;1;1;1;0;11;May;2002;Tuesday;spring
Yes;15/05/2002;4.086957;7;4;7;0.041917;0.073;11;93;1;1;0;1;1;1;0;11;May;2002;Wednesday;spring
Yes;15/05/2002;1.043478;2;7;2;0.047417;0.061;8;54;1.208333;4;9;6;1;1;0;11;May;2002;Wednesday;spring
No;16/05/2002;7.608696;18;6;17;0.048;0.074;11;97;1;1;0;1;1;1;0;11;May;2002;Thursday;spring
No;16/05/2002;1;1;0;1;0.048292;0.06;4;51;1;1;0;1;1;1;0;11;May;2002;Thursday;spring
No;17/05/2002;1.217391;4;19;4;0.031208;0.035;0;30;1;1;0;1;1;1;0;11;May;2002;Friday;spring
No;17/05/2002;5.782609;16;5;15;0.037042;0.058;10;49;1;1;0;1;1;1;0;11;May;2002;Friday;spring
No;18/05/2002;1.043478;2;23;2;0.031583;0.044;11;37;1;1;0;1;1;1;0;11;May;2002;Saturday;spring
No;18/05/2002;1.608696;9;1;8;0.035333;0.041;8;35;1;1;0;1;1;1;0;11;May;2002;Saturday;spring
No;19/05/2002;1.26087;4;7;4;0.032958;0.056;10;47;1.083333;2;7;3;1;1;0;11;May;2002;Sunday;spring
No;19/05/2002;2.695652;12;21;11;0.039542;0.057;12;48;1;1;0;1;1;1;0;11;May;2002;Sunday;spring
No;20/05/2002;1.434783;3;6;3;0.035458;0.058;10;49;1;1;0;1;1;1;0;11;May;2002;Monday;spring
No;20/05/2002;3.130435;12;5;11;0.041625;0.059;10;50;1;1;0;1;1;1;0;11;May;2002;Monday;spring
Yes;21/05/2002;1.956522;8;6;8;0.038542;0.057;11;48;1.208333;3;13;4;1;1;0;11;May;2002;Tuesday;spring
Yes;21/05/2002;5.130435;22;21;21;0.036333;0.057;10;48;1;1;0;1;1;1;0;11;May;2002;Tuesday;spring
Yes;22/05/2002;6.869565;21;19;20;0.04275;0.067;11;74;1;1;0;1;1;1;0;11;May;2002;Wednesday;spring
Yes;22/05/2002;1.086957;2;7;2;0.04325;0.059;10;50;1.208333;4;7;6;1;1;0;11;May;2002;Wednesday;spring
Yes;23/05/2002;6.782609;17;6;16;0.04825;0.078;11;106;1;1;0;1;1;1;0;11;May;2002;Thursday;spring
Yes;23/05/2002;1.086957;2;6;2;0.052875;0.067;10;74;1;1;0;1;1;1;0;11;May;2002;Thursday;spring
Yes;24/05/2002;1.304348;2;7;2;0.052;0.077;9;104;1;1;0;1;1;1;0;11;May;2002;Friday;spring
No;25/05/2002;6.347826;16;20;15;0.043208;0.079;10;109;1;1;0;1;1;1;0;11;May;2002;Saturday;spring
No;25/05/2002;1.478261;5;23;5;0.041333;0.059;9;50;1;1;0;1;1;1;0;11;May;2002;Saturday;spring
No;26/05/2002;1.043478;2;0;2;0.025667;0.035;10;30;1;1;0;1;1;1;0;11;May;2002;Sunday;spring
No;26/05/2002;4.043478;9;21;8;0.026292;0.05;8;42;1;1;0;1;1;1;0;11;May;2002;Sunday;spring
No;27/05/2002;1;1;0;1;0.030208;0.051;9;43;1;1;0;1;1;1;0;11;May;2002;Monday;spring
No;27/05/2002;3.434783;10;21;9;0.035917;0.069;11;80;1;1;0;1;1;1;0;11;May;2002;Monday;spring
No;28/05/2002;4.347826;8;6;8;0.023125;0.046;10;39;1.041667;2;7;3;1;1;0;11;May;2002;Tuesday;spring
No;28/05/2002;1.217391;5;18;5;0.033417;0.046;8;39;1.375;5;9;7;1;1;0;11;May;2002;Tuesday;spring
No;29/05/2002;4.095238;13;20;12;0.02875;0.054;10;46;1;1;0;1;1;1;0;11;May;2002;Wednesday;spring
No;29/05/2002;1;1;0;1;0.022292;0.033;9;28;1;1;0;1;1;1;0;11;May;2002;Wednesday;spring
No;30/05/2002;4.173913;11;21;10;0.031208;0.059;10;50;1;1;0;1;1;1;0;11;May;2002;Thursday;spring
No;30/05/2002;1;1;0;1;0.027125;0.047;10;40;1.041667;2;13;3;1;1;0;11;May;2002;Thursday;spring
No;05/06/2002;6.217391;12;5;11;0.033333;0.045;10;38;1;1;0;1;1;1;0;11;June;2002;Wednesday;spring
No;05/06/2002;1;1;0;1;0.031208;0.037;11;31;1;1;0;1;1;1;0;11;June;2002;Wednesday;spring
Yes;06/06/2002;2.727273;10;5;9;0.039;0.056;9;47;1;1;0;1;1;1;0;11;June;2002;Thursday;spring
Yes;06/06/2002;2.956522;6;0;6;0.028167;0.05;12;42;1;1;0;1;1;1;0;11;June;2002;Thursday;spring
Yes;07/06/2002;1.478261;4;7;4;0.054083;0.076;9;101;1.166667;2;7;3;1;1;0;11;June;2002;Friday;spring
Yes;08/06/2002;2.565217;9;7;8;0.05325;0.071;10;87;1.291667;4;10;6;1;1;0;11;June;2002;Saturday;spring
Yes;09/06/2002;2.26087;7;4;7;0.0445;0.074;9;97;1.208333;2;9;3;1;1;0;11;June;2002;Sunday;spring
No;13/06/2002;1.652174;5;21;5;0.030833;0.054;9;46;1;1;0;1;1;1;0;11;June;2002;Thursday;spring
No;13/06/2002;4.869565;12;6;11;0.050583;0.085;9;124;1;1;0;1;1;1;0;11;June;2002;Thursday;spring
No;14/06/2002;2.608696;6;7;6;0.0345;0.052;11;44;1.041667;2;10;3;1;1;17;11;June;2002;Friday;spring
No;14/06/2002;5.130435;11;3;10;0.0385;0.052;14;44;1;1;0;1;1;1;0;11;June;2002;Friday;spring
Yes;15/06/2002;2.478261;7;6;7;0.035333;0.059;10;50;1;1;0;1;1;1;0;11;June;2002;Saturday;spring
Yes;15/06/2002;4.869565;18;20;17;0.036833;0.057;10;48;1;1;0;1;1;1;0;11;June;2002;Saturday;spring
Yes;16/06/2002;4.73913;17;21;16;0.03225;0.061;10;54;1;1;0;1;1;1;0;11;June;2002;Sunday;spring
Yes;16/06/2002;1.695652;5;9;5;0.030042;0.055;11;47;1;1;0;1;1;1;0;11;June;2002;Sunday;spring
Yes;17/06/2002;1.913043;7;8;7;0.037542;0.067;9;74;1;1;0;1;1;1;0;11;June;2002;Monday;spring
Yes;17/06/2002;4.26087;17;22;16;0.039667;0.071;11;87;1;1;0;1;1;1;0;11;June;2002;Monday;spring
Yes;18/06/2002;1;1;0;1;0.041167;0.066;8;71;1.166667;3;12;4;1;1;0;11;June;2002;Tuesday;spring
Yes;18/06/2002;3.75;11;6;10;0.052125;0.087;11;129;1;1;0;1;1;1;0;11;June;2002;Tuesday;spring
No;19/06/2002;4.652174;13;5;12;0.045417;0.078;10;106;1;1;0;1;1;1;0;11;June;2002;Wednesday;spring
No;19/06/2002;1.086957;2;7;2;0.044625;0.064;10;64;1;1;0;1;1;1;0;11;June;2002;Wednesday;spring
Yes;20/06/2002;1;1;0;1;0.038958;0.059;11;50;1.041667;2;17;3;1;1;0;11;June;2002;Thursday;spring
Yes;20/06/2002;4.826087;15;20;14;0.047833;0.092;10;142;1;1;0;1;1;1;0;11;June;2002;Thursday;spring
Yes;21/06/2002;1;1;0;1;0.045167;0.077;10;104;1.291667;4;8;6;1;1;0;11;June;2002;Friday;summer
No;22/06/2002;3.173913;12;6;11;0.052167;0.083;9;119;1;1;0;1;1;1;0;11;June;2002;Saturday;summer
No;22/06/2002;1.521739;6;0;6;0.046125;0.073;9;93;1;1;0;1;1;1;0;11;June;2002;Saturday;summer
No;23/06/2002;2.26087;8;20;8;0.022083;0.033;10;28;1;1;0;1;1;1;0;11;June;2002;Sunday;summer
No;23/06/2002;1.043478;2;0;2;0.029292;0.04;10;34;1.041667;2;9;3;1;1;0;11;June;2002;Sunday;summer
No;24/06/2002;1;1;0;1;0.026333;0.041;9;35;1;1;0;1;1;1;0;11;June;2002;Monday;summer
No;24/06/2002;3.043478;7;21;7;0.025;0.053;10;45;1;1;0;1;1;1;0;11;June;2002;Monday;summer
Yes;25/06/2002;3.833333;5;8;5;0.028458;0.054;11;46;1;1;0;1;1;1;0;11;June;2002;Tuesday;summer
Yes;25/06/2002;1;1;0;1;0.0305;0.044;10;37;1;1;0;1;1;1;0;11;June;2002;Tuesday;summer
No;26/06/2002;1;1;0;1;0.033208;0.049;8;42;1;1;0;1;1;1;0;11;June;2002;Wednesday;summer
No;27/06/2002;2.826087;8;6;8;0.037208;0.052;11;44;1.958333;7;12;10;1;1;0;11;June;2002;Thursday;summer
No;27/06/2002;1;1;0;1;0.023889;0.037;10;31;1;1;0;1;1;1;0;11;June;2002;Thursday;summer
No;28/06/2002;1;1;0;1;0.020542;0.034;10;29;1;1;0;1;1;1;0;11;June;2002;Friday;summer
No;28/06/2002;9.173913;13;4;12;0.026917;0.041;13;35;1.458333;4;9;6;1;1;0;11;June;2002;Friday;summer
Yes;29/06/2002;1.043478;2;20;2;0.024792;0.036;9;31;1;1;0;1;1;1;0;11;June;2002;Saturday;summer
Yes;29/06/2002;2.782609;6;4;6;0.032583;0.05;12;42;1.125;3;7;4;1;1;0;11;June;2002;Saturday;summer
No;04/07/2002;5.173913;15;0;14;0.051625;0.071;11;87;1;1;0;1;1;1;0;11;July;2002;Thursday;summer
Yes;05/07/2002;5.347826;13;6;12;0.033583;0.052;10;44;1;1;0;1;1;1;0;11;July;2002;Friday;summer
Yes;05/07/2002;1;1;0;1;0.028458;0.034;9;29;1;1;0;1;1;1;0;11;July;2002;Friday;summer
Yes;06/07/2002;3.190476;8;6;8;0.032167;0.061;11;54;1.043478;2;12;3;1;1;0;11;July;2002;Saturday;summer
Yes;06/07/2002;2.608696;15;20;14;0.038875;0.065;12;67;1;1;0;1;1;1;0;11;July;2002;Saturday;summer
Yes;07/07/2002;2;6;0;6;0.055;0.079;10;109;1.391304;3;7;4;1;1;0;11;July;2002;Sunday;summer
No;09/07/2002;1;1;0;1;0.031458;0.054;8;46;1;1;0;1;1;1;0;11;July;2002;Tuesday;summer
No;09/07/2002;6.086957;18;19;17;0.045125;0.077;9;104;1;1;0;1;1;1;0;11;July;2002;Tuesday;summer
No;13/07/2002;1.478261;4;12;4;0.026833;0.041;11;35;1;1;0;1;1;1;0;11;July;2002;Saturday;summer
No;13/07/2002;1;1;0;1;0.024167;0.05;8;42;1;1;0;1;1;1;0;11;July;2002;Saturday;summer
No;14/07/2002;1.347826;3;22;3;0.0285;0.056;10;47;1.291667;4;8;6;1;1;0;11;July;2002;Sunday;summer
Yes;15/07/2002;1.217391;3;4;3;0.031167;0.052;10;44;1;1;0;1;1;1;0;11;July;2002;Monday;summer
Yes;15/07/2002;1;1;0;1;0.029958;0.052;9;44;1;1;0;1;1;1;0;11;July;2002;Monday;summer
Yes;16/07/2002;1;1;0;1;0.037167;0.063;9;61;1;1;0;1;1;1;0;11;July;2002;Tuesday;summer
Yes;16/07/2002;1.217391;3;3;3;0.035667;0.059;10;50;1;1;0;1;1;1;0;11;July;2002;Tuesday;summer
No;17/07/2002;1.913043;8;20;8;0.036875;0.061;10;54;1;1;0;1;1;1;0;11;July;2002;Wednesday;summer
No;17/07/2002;1.521739;7;7;7;0.019667;0.036;10;31;1;1;0;1;1;1;0;11;July;2002;Wednesday;summer
No;18/07/2002;1.73913;6;6;6;0.026958;0.04;9;34;1;1;0;1;1;1;0;11;July;2002;Thursday;summer
No;18/07/2002;1.695652;8;8;8;0.028542;0.047;12;40;1;1;0;1;1;1;0;11;July;2002;Thursday;summer
No;19/07/2002;2.391304;7;4;7;0.037167;0.059;10;50;1.083333;3;8;4;1;1;0;11;July;2002;Friday;summer
No;19/07/2002;1.434783;5;8;5;0.0295;0.051;11;43;1;1;0;1;1;1;0;11;July;2002;Friday;summer
Yes;20/07/2002;1;1;0;1;0.0315;0.056;10;47;1;1;0;1;1;1;0;11;July;2002;Saturday;summer
Yes;20/07/2002;2.391304;10;22;9;0.039542;0.067;11;74;1;1;0;1;1;1;0;11;July;2002;Saturday;summer
No;21/07/2002;1;1;0;1;0.037458;0.064;10;64;1;1;0;1;1;1;0;11;July;2002;Sunday;summer
No;21/07/2002;2.833333;6;0;6;0.043833;0.071;11;87;1.769231;6;10;9;1;1;0;11;July;2002;Sunday;summer
No;22/07/2002;1;1;0;1;0.023125;0.036;6;31;1;1;0;1;1;1;0;11;July;2002;Monday;summer
No;23/07/2002;1.636364;3;8;3;0.0255;0.043;9;36;1;1;0;1;1;1;0;11;July;2002;Tuesday;summer
No;23/07/2002;2.173913;11;6;10;0.046625;0.076;10;101;1.583333;4;10;6;1;1;13;11;July;2002;Tuesday;summer
Yes;24/07/2002;3.608696;17;17;16;0.033333;0.058;12;49;1;1;0;1;1;1;0;11;July;2002;Wednesday;summer
Yes;25/07/2002;3.043478;7;6;7;0.045917;0.077;11;104;1.916667;7;11;10;1;1;0;11;July;2002;Thursday;summer
Yes;26/07/2002;1.869565;6;6;6;0.044;0.066;11;71;1.041667;2;6;3;1;1;0;11;July;2002;Friday;summer
No;27/07/2002;1.173913;3;0;3;0.045583;0.069;11;80;1.041667;2;8;3;1;1;0;11;July;2002;Saturday;summer
No;28/07/2002;1.26087;3;22;3;0.032333;0.049;10;42;1.583333;4;8;6;1;1;0;11;July;2002;Sunday;summer
No;29/07/2002;1.347826;3;5;3;0.033708;0.054;10;46;1.375;4;8;6;1;1;0;11;July;2002;Monday;summer
No;30/07/2002;2.304348;8;5;8;0.027917;0.044;9;37;1.041667;2;8;3;1;1;0;11;July;2002;Tuesday;summer
No;04/08/2002;2.695652;4;11;4;0.056;0.061;10;54;1;1;0;1;1;1;0;11;August;2002;Sunday;summer
No;05/08/2002;4.347826;8;3;8;0.035667;0.056;11;47;1;1;0;1;1;1;0;11;August;2002;Monday;summer
No;05/08/2002;1;1;0;1;0.032708;0.039;23;33;1;1;0;1;1;1;0;11;August;2002;Monday;summer
Yes;06/08/2002;1.478261;3;3;3;0.034625;0.054;8;46;1.041667;2;8;3;1;1;0;11;August;2002;Tuesday;summer
Yes;06/08/2002;3.565217;8;1;8;0.048792;0.065;12;67;1;1;0;1;1;1;0;11;August;2002;Tuesday;summer
Yes;07/08/2002;1.73913;4;1;4;0.056417;0.073;11;93;1.333333;3;5;4;1;1;0;11;August;2002;Wednesday;summer
Yes;07/08/2002;1;1;0;1;0.044292;0.068;8;77;1;1;0;1;1;1;0;11;August;2002;Wednesday;summer
Yes;08/08/2002;4.111111;7;22;7;0.054208;0.083;10;119;1.875;4;13;6;1;1;0;11;August;2002;Thursday;summer
No;13/08/2002;1;1;0;1;0.035125;0.043;11;36;1;1;0;1;1;1;0;11;August;2002;Tuesday;summer
No;14/08/2002;1;1;0;1;0.025042;0.036;12;31;1;1;0;1;1;1;0;11;August;2002;Wednesday;summer
No;14/08/2002;5.913043;12;23;11;0.042208;0.066;11;71;1.666667;3;0;4;1;1;0;11;August;2002;Wednesday;summer
No;15/08/2002;1;1;0;1;0.021125;0.031;10;26;1;1;0;1;1;1;0;11;August;2002;Thursday;summer
No;15/08/2002;4.391304;10;0;9;0.028875;0.057;8;48;1.041667;2;11;3;1;1;0;11;August;2002;Thursday;summer
No;16/08/2002;1;1;0;1;0.017167;0.025;8;21;1;1;0;1;1;1;0;11;August;2002;Friday;summer
No;16/08/2002;3.619048;7;1;7;0.030167;0.06;11;51;2.090909;10;12;14;1;1;0;11;August;2002;Friday;summer
No;22/08/2002;1;1;12;1;0.027417;0.061;8;54;1.043478;2;1;3;1;1;0;11;August;2002;Thursday;summer
No;23/08/2002;1;1;0;1;0.031375;0.05;10;42;1;1;0;1;1;1;0;11;August;2002;Friday;summer
No;24/08/2002;1.043478;2;8;2;0.036125;0.059;9;50;1;1;0;1;1;1;0;11;August;2002;Saturday;summer
No;24/08/2002;3.26087;12;21;11;0.036;0.063;10;61;1.166667;4;10;6;1;1;0;11;August;2002;Saturday;summer
No;25/08/2002;1;1;0;1;0.028667;0.054;9;46;1;1;0;1;1;1;0;11;August;2002;Sunday;summer
No;25/08/2002;1.434783;7;20;7;0.035375;0.057;11;48;1;1;0;1;1;1;0;11;August;2002;Sunday;summer
Yes;26/08/2002;1.130435;3;4;3;0.031458;0.06;10;51;1.541667;6;10;9;1;1;0;11;August;2002;Monday;summer
No;27/08/2002;3.26087;8;1;8;0.035042;0.064;11;64;1.125;2;11;3;1;1;0;11;August;2002;Tuesday;summer
No;27/08/2002;1;1;0;1;0.038;0.065;10;67;1.916667;7;10;10;1;1;0;11;August;2002;Tuesday;summer
Yes;28/08/2002;1.652174;5;8;5;0.035375;0.059;10;50;1.291667;7;10;10;1;1;0;11;August;2002;Wednesday;summer
No;29/08/2002;3.090909;11;6;10;0.036625;0.063;10;61;1;1;0;1;1;1;0;11;August;2002;Thursday;summer
No;29/08/2002;1.26087;4;8;4;0.035958;0.066;10;71;1.541667;7;13;10;1;1;0;11;August;2002;Thursday;summer
No;30/08/2002;1.826087;5;4;5;0.034417;0.059;11;50;1;1;0;1;1;1;0;11;August;2002;Friday;summer
No;30/08/2002;1;1;0;1;0.03475;0.067;8;74;1.125;2;9;3;1;1;0;11;August;2002;Friday;summer
No;04/09/2002;3.363636;7;8;7;0.038542;0.047;12;40;1;1;0;1;1;1;0;11;September;2002;Wednesday;summer
No;05/09/2002;5.086957;9;20;8;0.023917;0.039;9;33;1;1;0;1;1;1;0;11;September;2002;Thursday;summer
No;05/09/2002;1.26087;3;21;3;0.036125;0.043;8;36;1;1;0;1;1;1;0;11;September;2002;Thursday;summer
Yes;06/09/2002;1;1;0;1;0.031708;0.037;8;31;1;1;0;1;1;1;0;11;September;2002;Friday;summer
Yes;06/09/2002;3.652174;14;20;13;0.051042;0.075;10;100;1;1;0;1;1;1;0;11;September;2002;Friday;summer
Yes;07/09/2002;1;1;0;1;0.049833;0.087;8;129;1.045455;2;8;3;1;1;0;11;September;2002;Saturday;summer
Yes;08/09/2002;3.347826;10;6;9;0.048208;0.085;9;124;1.125;2;8;3;1;1;0;11;September;2002;Sunday;summer
No;09/09/2002;1.578947;5;21;5;0.044208;0.08;10;111;1.541667;4;10;6;1;1;0;11;September;2002;Monday;summer
No;13/09/2002;3.608696;12;7;11;0.042917;0.072;10;90;1.208333;3;10;4;1;1;0;11;September;2002;Friday;summer
No;13/09/2002;5.130435;18;6;17;0.040625;0.065;9;67;1;1;0;1;1;1;0;11;September;2002;Friday;summer
No;14/09/2002;2.666667;3;0;3;0.020375;0.032;10;27;1;1;0;1;1;1;0;11;September;2002;Saturday;summer
No;14/09/2002;1.043478;2;13;2;0.013708;0.023;8;19;1;1;0;1;1;1;0;11;September;2002;Saturday;summer
No;15/09/2002;1;1;0;1;0.024208;0.042;11;36;1;1;0;1;1;1;0;11;September;2002;Sunday;summer
No;16/09/2002;1.782609;7;7;7;0.032667;0.056;10;47;1;1;0;1;1;1;0;11;September;2002;Monday;summer
No;17/09/2002;1;1;0;1;0.028125;0.042;10;36;1;1;0;1;1;1;0;11;September;2002;Tuesday;summer
No;17/09/2002;2.130435;6;0;6;0.031;0.057;11;48;1;1;0;1;1;1;0;11;September;2002;Tuesday;summer
No;18/09/2002;1;1;0;1;0.023;0.034;8;29;1;1;0;1;1;1;0;11;September;2002;Wednesday;summer
No;18/09/2002;3.869565;8;4;8;0.028333;0.043;11;36;1.125;3;13;4;1;1;0;11;September;2002;Wednesday;summer
No;19/09/2002;1.391304;4;6;4;0.0365;0.054;12;46;1.272727;3;14;4;1;1;0;11;September;2002;Thursday;summer
No;19/09/2002;1;1;0;1;0.023958;0.032;9;27;1;1;0;1;1;1;0;11;September;2002;Thursday;summer
No;20/09/2002;1;1;0;1;0.022417;0.034;10;29;1;1;0;1;1;1;0;11;September;2002;Friday;summer
No;20/09/2002;1.695652;6;4;6;0.038625;0.054;11;46;1;1;0;1;1;1;0;11;September;2002;Friday;summer
No;21/09/2002;2.173913;6;12;6;0.026833;0.047;10;40;2;12;12;17;1;1;0;11;September;2002;Saturday;fall
No;21/09/2002;1.304348;3;8;3;0.02325;0.031;12;26;1;1;0;1;1;1;0;11;September;2002;Saturday;fall
No;22/09/2002;1.608696;4;0;4;0.034625;0.053;11;45;1.041667;2;9;3;1;1;0;11;September;2002;Sunday;fall
No;22/09/2002;1.043478;2;4;2;0.024375;0.036;23;31;1;1;0;1;1;1;0;11;September;2002;Sunday;fall
No;23/09/2002;2.391304;12;19;11;0.039917;0.059;11;50;2.208333;4;9;6;1;1;0;11;September;2002;Monday;fall
No;23/09/2002;2.434783;6;21;6;0.02925;0.046;9;39;1.125;4;12;6;1;1;0;11;September;2002;Monday;fall
No;24/09/2002;2.304348;6;6;6;0.040875;0.057;10;48;1.958333;5;15;7;1;1;0;11;September;2002;Tuesday;fall
No;25/09/2002;3.521739;7;4;7;0.025667;0.03;11;25;1.083333;2;3;3;1;1;0;11;September;2002;Wednesday;fall
No;25/09/2002;5.217391;10;7;9;0.025833;0.035;8;30;1.375;4;9;6;1;1;0;11;September;2002;Wednesday;fall
No;26/09/2002;4.714286;7;10;7;0.023167;0.028;6;24;1;1;0;1;1;1;0;11;September;2002;Thursday;fall
No;26/09/2002;2.956522;7;12;7;0.022958;0.03;15;25;1;1;0;1;1;1;0;11;September;2002;Thursday;fall
No;27/09/2002;2.695652;6;15;6;0.022542;0.026;0;22;1;1;0;1;1;1;0;11;September;2002;Friday;fall
No;27/09/2002;1.826087;4;4;4;0.02025;0.038;10;32;1;1;0;1;1;1;0;11;September;2002;Friday;fall
No;28/09/2002;1.608696;8;7;8;0.023042;0.047;9;40;1.25;6;11;9;1;1;0;11;September;2002;Saturday;fall
No;28/09/2002;2.782609;13;19;12;0.026042;0.05;11;42;1.333333;3;17;4;1;1;0;11;September;2002;Saturday;fall
No;29/09/2002;1;1;0;1;0.024167;0.048;9;41;1;1;0;1;1;1;0;11;September;2002;Sunday;fall
No;29/09/2002;3.26087;8;0;8;0.027708;0.052;10;44;1.291667;3;12;4;1;1;0;11;September;2002;Sunday;fall
No;05/10/2002;3.434783;11;8;10;0.024833;0.034;0;29;1.041667;2;8;3;1;1;0;11;October;2002;Saturday;fall
No;05/10/2002;2.478261;6;1;6;0.027458;0.037;12;31;1;1;0;1;1;1;0;11;October;2002;Saturday;fall
Yes;06/10/2002;1;1;0;1;0.023833;0.031;10;26;1;1;0;1;1;1;0;11;October;2002;Sunday;fall
Yes;06/10/2002;3.956522;11;5;10;0.052375;0.086;10;127;1;1;0;1;1;1;0;11;October;2002;Sunday;fall
Yes;07/10/2002;1;1;0;1;0.049042;0.082;9;116;1;1;0;1;1;1;0;11;October;2002;Monday;fall
Yes;07/10/2002;4.565217;9;1;8;0.043458;0.072;8;90;1.625;7;8;10;1;1;0;11;October;2002;Monday;fall
Yes;08/10/2002;1.565217;8;8;8;0.051667;0.082;9;116;1;1;0;1;1;1;0;11;October;2002;Tuesday;fall
No;13/10/2002;1.913043;8;1;8;0.026708;0.032;10;27;1;1;0;1;1;1;0;11;October;2002;Sunday;fall
No;14/10/2002;5.826087;8;8;8;0.016458;0.025;8;21;2.833333;5;7;7;1;1;0;11;October;2002;Monday;fall
No;15/10/2002;4.869565;10;21;9;0.026708;0.04;11;34;1.458333;4;12;6;1;1;0;11;October;2002;Tuesday;fall
No;16/10/2002;3.869565;7;7;7;0.024042;0.04;10;34;1.541667;4;9;6;1;1;0;11;October;2002;Wednesday;fall
No;17/10/2002;6.347826;20;19;19;0.018583;0.041;10;35;1.208333;2;12;3;1;1;0;11;October;2002;Thursday;fall
No;17/10/2002;3.695652;10;4;9;0.025458;0.042;10;36;1;1;0;1;1;1;0;11;October;2002;Thursday;fall
No;18/10/2002;6.478261;13;10;12;0.024833;0.046;10;39;1;1;0;1;1;1;0;11;October;2002;Friday;fall
No;18/10/2002;1.217391;2;0;2;0.042792;0.056;9;47;1;1;0;1;1;1;0;11;October;2002;Friday;fall
No;19/10/2002;2.043478;6;22;6;0.027042;0.035;0;30;1;1;0;1;1;1;0;11;October;2002;Saturday;fall
No;21/10/2002;2.956522;6;10;6;0.014583;0.027;9;23;1.916667;7;15;10;1;1;0;11;October;2002;Monday;fall
No;22/10/2002;5.045455;14;19;13;0.017625;0.04;10;34;1.208333;3;11;4;1;1;0;11;October;2002;Tuesday;fall
No;24/10/2002;6.1;10;5;9;0.013083;0.023;10;19;1.318182;3;17;4;1;1;0;11;October;2002;Thursday;fall
No;25/10/2002;1.652174;4;0;4;0.014458;0.022;6;19;1;1;0;1;1;1;0;11;October;2002;Friday;fall
No;28/10/2002;2.565217;4;3;4;0.010292;0.014;0;12;1;1;0;1;1;1;0;11;October;2002;Monday;fall
No;28/10/2002;5.73913;11;6;10;0.009542;0.012;9;10;1.041667;2;6;3;1;1;0;11;October;2002;Monday;fall
No;29/10/2002;5.086957;9;8;8;0.013083;0.022;10;19;1;1;0;1;1;1;0;11;October;2002;Tuesday;fall
No;29/10/2002;4.043478;13;19;12;0.013917;0.021;8;18;1;1;0;1;1;1;0;11;October;2002;Tuesday;fall
No;04/11/2002;4.391304;9;4;8;0.034625;0.051;12;43;1;1;0;1;1;1;0;11;November;2002;Monday;fall
No;05/11/2002;1.478261;3;8;3;0.041208;0.056;13;47;1;1;0;1;1;1;0;11;November;2002;Tuesday;fall
No;05/11/2002;1.086957;2;7;2;0.026708;0.038;10;32;1.041667;2;7;3;1;1;0;11;November;2002;Tuesday;fall
Yes;06/11/2002;1;1;0;1;0.025;0.044;10;37;1;1;0;1;1;1;0;11;November;2002;Wednesday;fall
Yes;07/11/2002;2.043478;6;3;6;0.043417;0.062;11;58;1;1;0;1;1;1;0;11;November;2002;Thursday;fall
Yes;07/11/2002;1;1;0;1;0.041125;0.069;11;80;1.25;3;10;4;1;1;0;11;November;2002;Thursday;fall
Yes;08/11/2002;1;1;0;1;0.044958;0.073;8;93;1.083333;2;9;3;1;1;0;11;November;2002;Friday;fall
No;09/11/2002;3.086957;19;4;18;0.039917;0.057;9;48;1.083333;2;8;3;1;1;0;11;November;2002;Saturday;fall
No;04/12/2002;5.869565;12;6;11;0.022083;0.041;9;35;1;1;0;1;1;1;0;11;December;2002;Wednesday;fall
Yes;05/12/2002;1.26087;3;11;3;0.044;0.055;13;47;1;1;0;1;1;1;0;11;December;2002;Thursday;fall
Yes;05/12/2002;1;1;0;1;0.033667;0.039;2;33;1;1;0;1;1;1;0;11;December;2002;Thursday;fall
No;06/12/2002;1.565217;5;21;5;0.038292;0.064;10;64;1;1;0;1;1;1;0;11;December;2002;Friday;fall
Yes;07/12/2002;1.26087;5;7;5;0.026458;0.046;9;39;1;1;0;1;1;1;0;11;December;2002;Saturday;fall
Yes;07/12/2002;1.217391;3;6;3;0.048708;0.063;11;61;1;1;0;1;1;1;0;11;December;2002;Saturday;fall
Yes;08/12/2002;1;1;0;1;0.035708;0.047;10;40;1;1;0;1;1;1;0;11;December;2002;Sunday;fall
No;09/12/2002;2.782609;8;7;8;0.0465;0.078;11;106;1.75;4;16;6;1;1;0;11;December;2002;Monday;fall
No;03/02/2003;3.086957;13;9;12;0.022583;0.03;13;25;1.125;3;9;4;1;1;0;11;February;2003;Monday;winter
No;03/03/2003;4.695652;14;3;13;0.031583;0.044;12;37;1.583333;6;9;9;1;1;0;11;March;2003;Monday;winter
No;13/03/2003;3.85;12;20;11;0.0375;0.051;11;43;1;1;0;1;1;1;0;11;March;2003;Thursday;winter
No;15/03/2003;3.652174;9;3;8;0.029292;0.047;12;40;1;1;0;1;1;1;0;11;March;2003;Saturday;winter
No;16/03/2003;1.26087;2;0;2;0.028292;0.039;10;33;1;1;0;1;1;1;0;11;March;2003;Sunday;winter
No;17/03/2003;6.173913;9;14;8;0.017583;0.025;10;21;1.166667;4;15;6;1;1;0;11;March;2003;Monday;winter
No;17/03/2003;2.782609;7;20;7;0.02125;0.028;11;24;1.041667;2;10;3;1;1;0;11;March;2003;Monday;winter
No;18/03/2003;2.217391;6;1;6;0.024833;0.031;11;26;1;1;0;1;1;1;0;11;March;2003;Tuesday;winter
No;19/03/2003;1.130435;3;0;3;0.045;0.052;11;44;1;1;0;1;1;1;0;11;March;2003;Wednesday;winter
No;19/03/2003;5.5;9;0;8;0.019667;0.034;11;29;1;1;0;1;1;1;0;11;March;2003;Wednesday;winter
No;20/03/2003;2.904762;7;18;7;0.033167;0.048;8;41;1;1;0;1;1;1;0;11;March;2003;Thursday;winter
No;20/03/2003;5.782609;8;19;8;0.019083;0.031;11;26;1;1;0;1;1;1;0;11;March;2003;Thursday;winter
No;21/03/2003;3.26087;7;1;7;0.022625;0.033;11;28;1;1;0;1;1;1;0;11;March;2003;Friday;spring
No;21/03/2003;6.73913;10;19;9;0.020958;0.04;11;34;1;1;0;1;1;1;0;11;March;2003;Friday;spring
No;22/03/2003;3.913043;12;7;11;0.040167;0.058;11;49;1;1;0;1;1;1;0;11;March;2003;Saturday;spring
No;22/03/2003;5.478261;11;20;10;0.019625;0.043;11;36;1;1;0;1;1;1;0;11;March;2003;Saturday;spring
Yes;23/03/2003;5.956522;12;19;11;0.029083;0.059;10;50;1;1;0;1;1;1;0;11;March;2003;Sunday;spring
Yes;23/03/2003;3.130435;6;15;6;0.051333;0.062;10;58;1.125;2;13;3;1;1;0;11;March;2003;Sunday;spring
Yes;24/03/2003;7.086957;15;19;14;0.03525;0.065;11;67;1;1;0;1;1;1;0;11;March;2003;Monday;spring
Yes;24/03/2003;1.478261;3;8;3;0.056333;0.066;11;71;1;1;0;1;1;1;0;11;March;2003;Monday;spring
No;25/03/2003;1.782609;6;20;6;0.050792;0.065;10;67;1;1;0;1;1;1;0;11;March;2003;Tuesday;spring
No;26/03/2003;2.608696;5;20;5;0.039875;0.051;11;43;1.541667;5;9;7;1;1;0;11;March;2003;Wednesday;spring
No;26/03/2003;6.956522;14;8;13;0.034583;0.043;8;36;1;1;0;1;1;1;0;11;March;2003;Wednesday;spring
No;27/03/2003;1.26087;3;0;3;0.047625;0.059;12;50;1.041667;2;1;3;1;1;0;11;March;2003;Thursday;spring
No;27/03/2003;5.521739;8;12;8;0.041542;0.059;12;50;1;1;0;1;1;1;0;11;March;2003;Thursday;spring
No;28/03/2003;1.608696;4;18;4;0.038917;0.05;7;42;1;1;0;1;1;1;0;11;March;2003;Friday;spring
No;28/03/2003;5.043478;8;0;8;0.044125;0.051;10;43;1;1;0;1;1;1;0;11;March;2003;Friday;spring
No;29/03/2003;1.304348;4;3;4;0.038917;0.045;10;38;1;1;0;1;1;1;0;11;March;2003;Saturday;spring
No;29/03/2003;4.565217;6;6;6;0.030125;0.037;0;31;1;1;0;1;1;1;0;11;March;2003;Saturday;spring
No;30/03/2003;1.304348;2;3;2;0.038958;0.048;10;41;1;1;0;1;1;1;0;11;March;2003;Sunday;spring
No;30/03/2003;3.173913;4;18;4;0.035;0.04;10;34;1;1;0;1;1;1;0;11;March;2003;Sunday;spring
No;03/04/2003;4.869565;12;0;11;0.032792;0.043;10;36;1.208333;3;0;4;1;1;0;11;April;2003;Thursday;spring
Yes;14/04/2003;1.652174;5;8;5;0.056583;0.073;9;93;1.166667;2;8;3;1;1;0;11;April;2003;Monday;spring
No;17/04/2003;2.130435;7;7;7;0.033458;0.045;8;38;1;1;0;1;1;1;0;11;April;2003;Thursday;spring
No;18/04/2003;1.565217;5;7;5;0.042;0.057;12;48;1;1;0;1;1;1;0;11;April;2003;Friday;spring
No;19/04/2003;1.652174;4;6;4;0.042292;0.051;8;43;1;1;0;1;1;1;0;11;April;2003;Saturday;spring
No;20/04/2003;1;1;0;1;0.030208;0.036;0;31;1;1;0;1;1;1;0;11;April;2003;Sunday;spring
No;21/04/2003;1.652174;7;6;7;0.033458;0.052;8;44;1;1;0;1;1;1;0;11;April;2003;Monday;spring
No;22/04/2003;2.043478;7;4;7;0.039292;0.057;10;48;1;1;0;1;1;1;0;11;April;2003;Tuesday;spring
No;23/04/2003;1.565217;3;0;3;0.046375;0.059;10;50;1;1;0;1;1;1;0;11;April;2003;Wednesday;spring
No;24/04/2003;1.130435;2;0;2;0.045625;0.054;10;46;1;1;0;1;1;1;0;11;April;2003;Thursday;spring
No;25/04/2003;1.478261;3;22;3;0.041917;0.054;9;46;1;1;0;1;1;1;0;11;April;2003;Friday;spring
Yes;26/04/2003;3.869565;9;3;8;0.036167;0.055;12;47;2.125;4;7;6;1;1;0;11;April;2003;Saturday;spring
Yes;27/04/2003;1.26087;3;0;3;0.043625;0.07;10;84;1.875;4;9;6;1;1;0;11;April;2003;Sunday;spring
Yes;28/04/2003;1.086957;2;6;2;0.0475;0.064;9;64;1;1;0;1;1;1;0;11;April;2003;Monday;spring
Yes;29/04/2003;1.304348;3;9;3;0.052625;0.074;10;97;1.041667;2;9;3;1;1;0;11;April;2003;Tuesday;spring
No;03/05/2003;5.782609;17;19;16;0.0225;0.037;8;31;1;1;0;1;1;1;0;11;May;2003;Saturday;spring
No;03/07/2003;3.434783;8;14;8;0.031542;0.038;12;32;1;1;0;1;1;1;0;11;July;2003;Thursday;summer
No;03/08/2003;2;5;5;5;0.039;0.05;10;42;1;1;0;1;1;1;0;11;August;2003;Sunday;summer
No;03/09/2003;3.391304;5;3;5;0.032667;0.039;12;33;1.166667;2;3;3;1;1;0;11;September;2003;Wednesday;summer
No;03/10/2003;2.782609;5;23;5;0.0365;0.041;10;35;1.25;3;19;4;1;1;0;11;October;2003;Friday;fall
No;03/11/2003;4.304348;9;22;8;0.04425;0.058;14;49;1.25;2;1;3;1;1;0;11;November;2003;Monday;fall
Yes;03/12/2003;2.130435;4;0;4;0.055;0.066;10;71;1.166667;2;8;3;1;1;0;11;December;2003;Wednesday;fall
No;11/05/2008;0.570833;1.7;17;1;0.043417;0.046;13;39;0.37619;1.3;20;1;0.266667;0.3;0;3;May;2008;Sunday;spring
No;10/07/2008;0.05;0.4;0;0;0.054292;0.063;0;61;0.743478;2;1;3;0.154167;0.2;0;2;July;2008;Thursday;summer
No;11/07/2008;0.583333;2.5;19;2;0.040167;0.05;0;42;1.870833;5.6;7;7;0.2;0.2;0;2;July;2008;Friday;summer
No;11/08/2008;0.745833;1.6;7;1;0.035875;0.043;12;36;0.775;2;23;3;0.2;0.2;0;2;August;2008;Monday;summer
No;10/09/2008;1.225;2.5;19;2;0.030792;0.034;14;29;0.866667;5;4;7;0.195833;0.2;0;2;September;2008;Wednesday;summer
No;10/10/2008;0.695833;2;0;2;0.035208;0.041;12;35;0.454167;3.6;12;4;0.1375;0.2;0;2;October;2008;Friday;fall
No;12/10/2008;1.375;8.1;23;8;0.026625;0.034;0;29;0.2;0.2;0;0;0.1625;0.2;0;2;October;2008;Sunday;fall
No;13/10/2008;0.204167;1.1;9;1;0.045458;0.05;14;42;0.375;2.2;16;3;0.1;0.1;0;1;October;2008;Monday;fall
No;14/10/2008;0.608333;2.2;18;2;0.047708;0.055;14;47;1.2375;3.7;10;4;0.1;0.1;0;1;October;2008;Tuesday;fall
No;11/11/2008;0.5375;1.2;12;1;0.03975;0.042;1;36;0.370833;1.1;22;1;0.1875;0.2;0;2;November;2008;Tuesday;fall
No;13/11/2008;1.304167;7.4;4;7;0.024792;0.029;0;25;0.316667;2.6;4;3;0.2;0.2;0;2;November;2008;Thursday;fall
No;14/11/2008;0.433333;0.7;4;0;0.025583;0.031;23;26;0.429167;1.5;2;1;0.179167;0.2;0;2;November;2008;Friday;fall
No;15/11/2008;1.458333;3.4;20;3;0.023292;0.036;3;31;0.779167;2.9;21;3;0.2;0.2;0;2;November;2008;Saturday;fall
No;17/11/2008;1.391667;2.8;19;2;0.027958;0.03;2;25;1.108333;1.8;10;1;0.2;0.2;0;2;November;2008;Monday;fall
No;19/11/2008;1.575;2.6;1;2;0.032833;0.038;13;32;1.104167;4.5;23;6;0.133333;0.2;2;2;November;2008;Wednesday;fall
No;21/11/2008;2.183333;3.5;17;3;0.029917;0.031;8;26;1.220833;2.3;19;3;0.120833;0.2;0;2;November;2008;Friday;fall
No;22/11/2008;1.308333;2.8;16;2;0.031083;0.032;11;27;1.279167;2.7;7;3;0.1375;0.2;2;2;November;2008;Saturday;fall
No;23/11/2008;1.170833;2.3;8;2;0.038333;0.043;12;36;2.908333;7;10;10;0.2;0.2;0;2;November;2008;Sunday;fall
No;24/11/2008;1.154167;2.6;20;2;0.034458;0.038;0;32;1.329167;5.5;4;7;0.2;0.2;0;2;November;2008;Monday;fall
No;27/11/2008;0.816667;2;1;2;0.045333;0.053;16;45;2.508333;4.2;3;6;0.2;0.2;0;2;November;2008;Thursday;fall
No;29/11/2008;1.079167;3.4;14;3;0.036833;0.043;3;36;1.2625;2.8;0;3;0.2;0.2;0;2;November;2008;Saturday;fall
No;10/12/2008;0.370833;0.7;7;0;0.046667;0.051;16;43;0.295833;0.5;1;0;0.1;0.1;0;1;December;2008;Wednesday;fall
No;11/12/2008;0.945833;3.6;15;3;0.037458;0.041;2;35;0.8625;1.7;6;1;0.2;0.2;0;2;December;2008;Thursday;fall
No;13/12/2008;1.279167;3.6;0;3;0.029083;0.035;22;30;0.979167;2.4;7;3;0.15;0.2;0;2;December;2008;Saturday;fall
No;14/12/2008;0.154167;0.5;1;0;0.0405;0.043;17;36;0.325;0.6;3;0;0.129167;0.2;9;2;December;2008;Sunday;fall
No;16/12/2008;2.083333;5.1;2;5;0.020542;0.025;13;21;0.233333;0.5;2;0;0.2;0.2;0;2;December;2008;Tuesday;fall
No;18/12/2008;0.8625;2.2;0;2;0.022208;0.023;8;19;0.2;0.2;0;0;0.166667;0.2;0;2;December;2008;Thursday;fall
No;19/12/2008;0.5875;1.4;6;1;0.025958;0.027;10;23;0.229167;0.5;6;0;0.1;0.1;0;1;December;2008;Friday;fall
No;20/12/2008;0.758333;1.5;3;1;0.029792;0.036;12;31;0.520833;1.6;5;1;0.154167;0.2;7;2;December;2008;Saturday;winter
No;23/12/2008;0.504167;1.3;0;1;0.038125;0.043;14;36;0.2;0.2;0;0;0.15;0.2;0;2;December;2008;Tuesday;winter
No;24/12/2008;0.258333;1.3;19;1;0.0345;0.041;0;35;0.233333;0.6;22;0;0.133333;0.2;0;2;December;2008;Wednesday;winter
No;29/12/2008;0.95;1.8;4;1;0.036375;0.041;18;35;0.9875;2.3;14;3;0.129167;0.2;0;2;December;2008;Monday;winter
No;30/12/2008;0.595833;1.1;8;1;0.039792;0.042;13;36;1.108333;2.2;3;3;0.145833;0.2;7;2;December;2008;Tuesday;winter
No;01/01/2009;0.6125;2;0;2;0.036875;0.041;17;35;0.491667;1.4;0;1;0.157895;0.2;5;2;January;2009;Thursday;winter
No;02/01/2009;0.233333;0.6;9;0;0.04725;0.054;21;46;1.379167;2.8;11;3;0.2;0.2;0;2;January;2009;Friday;winter
No;06/01/2009;0.0625;0.2;1;0;0.056083;0.062;0;58;0.316667;0.6;1;0;0.2;0.2;0;2;January;2009;Tuesday;winter
No;07/01/2009;0.7625;1.6;1;1;0.048833;0.053;11;45;0.4625;1.5;18;1;0.1;0.1;0;1;January;2009;Wednesday;winter
No;08/01/2009;0;0;0;0;0.034167;0.038;12;32;0.2;0.2;0;0;0.1;0.1;0;1;January;2009;Thursday;winter
No;09/01/2009;0.25;0.7;1;0;0.036167;0.041;22;35;0.233333;0.5;1;0;0.108333;0.2;0;2;January;2009;Friday;winter
No;11/01/2009;1.104167;3.2;8;3;0.029625;0.035;13;30;0.854167;1.8;23;1;0.1;0.1;0;1;January;2009;Sunday;winter
No;12/01/2009;0.5625;1.3;2;1;0.036375;0.046;22;39;0.35;1.3;1;1;0.1;0.1;0;1;January;2009;Monday;winter
No;14/01/2009;1.734783;3.8;1;3;0.03175;0.038;13;32;1.1125;2.8;1;3;0.1625;0.2;0;2;January;2009;Wednesday;winter
No;16/01/2009;1.9875;3.7;2;3;0.031333;0.034;12;29;1.258333;3.9;9;4;0.141667;0.2;0;2;January;2009;Friday;winter
No;17/01/2009;1.195833;2.1;22;2;0.035958;0.041;16;35;0.729167;1.9;23;1;0.154167;0.2;6;2;January;2009;Saturday;winter
No;18/01/2009;0.929167;1.8;23;1;0.034;0.038;14;32;0.883333;1.8;23;1;0.175;0.2;0;2;January;2009;Sunday;winter
No;21/01/2009;1.879167;4.7;1;4;0.035833;0.039;12;33;2.929167;4.7;7;6;0.2;0.2;0;2;January;2009;Wednesday;winter
No;22/01/2009;0.783333;2.4;5;2;0.043125;0.049;16;42;1.866667;6.2;5;9;0.2;0.2;0;2;January;2009;Thursday;winter
No;23/01/2009;0.495833;1;23;1;0.044458;0.049;0;42;1.158333;2.6;1;3;0.2;0.2;0;2;January;2009;Friday;winter
No;25/01/2009;2.170833;3.5;0;3;0.026292;0.032;14;27;1.533333;2.7;22;3;0.2;0.2;0;2;January;2009;Sunday;winter
No;27/01/2009;0.7375;1.9;8;1;0.033917;0.041;17;35;0.495652;1.4;6;1;0.2;0.2;0;2;January;2009;Tuesday;winter
No;29/01/2009;1.270833;2.6;1;2;0.0335;0.04;14;34;0.9;5;0;7;0.2;0.2;0;2;January;2009;Thursday;winter
No;30/01/2009;1.191667;3.4;3;3;0.035958;0.039;10;33;1.591667;4.6;9;6;0.195833;0.2;0;2;January;2009;Friday;winter
No;31/01/2009;0.533333;1.3;8;1;0.041708;0.044;10;37;1.058333;6.6;8;9;0.154167;0.2;1;2;January;2009;Saturday;winter
No;01/02/2009;0.270833;0.6;1;0;0.037;0.04;22;34;0.55;1.8;1;1;0.141667;0.2;10;2;February;2009;Sunday;winter
No;06/02/2009;0.145833;0.3;18;0;0.056625;0.064;10;64;0.383333;1;11;1;0.2;0.2;0;2;February;2009;Friday;winter
No;07/02/2009;0.558333;1.4;20;1;0.042667;0.051;10;43;0.5625;2.1;9;3;0.1125;0.2;18;2;February;2009;Saturday;winter
No;08/02/2009;0.270833;1.4;22;1;0.039583;0.044;14;37;0.2375;0.7;17;0;0.1;0.1;0;1;February;2009;Sunday;winter
No;09/02/2009;0.354167;0.6;12;0;0.040417;0.047;13;40;0.2;0.2;0;0;0.15;0.2;12;2;February;2009;Monday;winter
No;10/02/2009;0.5375;0.9;1;0;0.044583;0.051;1;43;0.8125;1.9;4;1;0.141667;0.2;6;2;February;2009;Tuesday;winter
No;11/02/2009;0.4625;1.1;16;1;0.040083;0.046;17;39;1.104167;2;0;3;0.1;0.1;0;1;February;2009;Wednesday;winter
No;12/02/2009;0.604167;1.4;20;1;0.036333;0.046;0;39;0.2;0.2;0;0;0.1;0.1;0;1;February;2009;Thursday;winter
No;13/02/2009;0.208333;0.8;21;0;0.047125;0.05;13;42;0.679167;1.6;12;1;0.166667;0.2;8;2;February;2009;Friday;winter
No;14/02/2009;0.995833;3.1;21;3;0.038958;0.044;0;37;1.558333;4.1;2;6;0.2;0.2;0;2;February;2009;Saturday;winter
No;15/02/2009;1.454167;2.7;2;2;0.031792;0.036;14;31;2.433333;3.7;17;4;0.2;0.2;0;2;February;2009;Sunday;winter
No;16/02/2009;1.6875;2.6;12;2;0.036917;0.04;13;34;1.4875;3;9;4;0.2;0.2;0;2;February;2009;Monday;winter
No;17/02/2009;1.008333;2;22;2;0.041208;0.045;23;38;0.7125;1.6;22;1;0.2;0.2;0;2;February;2009;Tuesday;winter
No;18/02/2009;0.608333;1.4;0;1;0.040875;0.046;1;39;0.375;1.6;1;1;0.2;0.2;0;2;February;2009;Wednesday;winter
No;19/02/2009;0.9125;1.7;19;1;0.034333;0.039;11;33;1.079167;2.3;1;3;0.195833;0.2;0;2;February;2009;Thursday;winter
No;20/02/2009;1.116667;2.4;7;2;0.035875;0.04;14;34;1.691667;3;6;4;0.1375;0.2;5;2;February;2009;Friday;winter
No;21/02/2009;0.495833;1.2;21;1;0.043417;0.047;12;40;0.929167;2.6;21;3;0.15;0.2;0;2;February;2009;Saturday;winter
No;22/02/2009;0.745833;2.6;23;2;0.037625;0.039;11;33;1.191667;2.5;10;3;0.2;0.2;0;2;February;2009;Sunday;winter
No;23/02/2009;1.5125;3.6;18;3;0.037542;0.039;11;33;1.933333;3.4;7;4;0.2;0.2;0;2;February;2009;Monday;winter
No;24/02/2009;1.065217;2.2;17;2;0.0395;0.043;21;36;1.352174;1.9;5;1;0.2;0.2;0;2;February;2009;Tuesday;winter
No;26/02/2009;0.345833;0.6;19;0;0.048125;0.05;0;42;0.375;0.7;0;0;0.2375;0.3;0;3;February;2009;Thursday;winter
No;27/02/2009;0.508333;1;10;1;0.041042;0.048;0;41;0.229167;0.4;0;0;0.183333;0.3;0;3;February;2009;Friday;winter
No;01/03/2009;0.0625;0.7;23;0;0.030042;0.04;0;34;0.370833;1;8;1;0.175;0.2;0;2;March;2009;Sunday;winter
No;02/03/2009;1.4;6.1;2;6;0.035625;0.041;6;35;1.220833;2.5;21;3;0.15;0.2;0;2;March;2009;Monday;winter
No;06/03/2009;0.2625;0.5;14;0;0.049917;0.055;0;47;0.4625;1.6;2;1;0.2;0.2;0;2;March;2009;Friday;winter
No;07/03/2009;0.142857;0.7;2;0;0.043;0.049;16;42;0.2875;0.7;0;0;0.1;0.1;0;1;March;2009;Saturday;winter
No;09/03/2009;0.95;2.5;11;2;0.045708;0.055;18;47;0.670833;2.8;13;3;0.170833;0.2;0;2;March;2009;Monday;winter
No;10/03/2009;0.491667;0.7;7;0;0.044083;0.048;12;41;0.308333;0.6;19;0;0.1;0.1;0;1;March;2009;Tuesday;winter
No;14/03/2009;1.433333;3.8;4;3;0.027083;0.032;7;27;0.258333;0.9;0;0;0.2125;0.3;0;3;March;2009;Saturday;winter
No;18/03/2009;0.163636;0.9;10;0;0.049042;0.054;16;46;0.891667;1.2;10;1;0.2125;0.3;3;3;March;2009;Wednesday;winter
No;19/03/2009;0.733333;3.1;15;3;0.048542;0.053;7;45;0.9125;2.6;7;3;0.2;0.2;0;2;March;2009;Thursday;winter
No;20/03/2009;0.991667;1.7;5;1;0.049583;0.054;13;46;1.145833;4.6;5;6;0.2;0.2;0;2;March;2009;Friday;winter
Yes;21/03/2009;0.541667;2.4;12;2;0.05525;0.06;13;51;1.170833;2.1;18;3;0.2;0.2;0;2;March;2009;Saturday;spring
Yes;22/03/2009;0.225;0.5;0;0;0.0595;0.063;19;61;1.4125;2;9;3;0.2375;0.3;3;3;March;2009;Sunday;spring
No;01/04/2009;1.058333;3.6;18;3;0.024708;0.027;10;23;0.3875;0.8;15;0;0.1625;0.2;7;2;April;2009;Wednesday;spring
No;06/04/2009;0.266667;1;18;1;0.043667;0.051;19;43;0.3;0.9;7;0;0.2;0.2;0;2;April;2009;Monday;spring
No;08/04/2009;0.270833;0.9;18;0;0.042792;0.049;0;42;0.220833;0.4;5;0;0.175;0.2;0;2;April;2009;Wednesday;spring
No;09/04/2009;0.016667;0.2;0;0;0.050042;0.055;13;47;0.322727;0.7;10;0;0.2;0.2;0;2;April;2009;Thursday;spring
No;11/04/2009;0.529167;1.1;0;1;0.043417;0.049;15;42;0.729167;1.1;20;1;0.1;0.1;0;1;April;2009;Saturday;spring
Yes;02/05/2009;1.508333;4.1;0;4;0.037125;0.04;17;34;1.0625;3.1;8;4;0.170833;0.2;0;2;May;2009;Saturday;spring
No;06/05/2009;1.3375;3.2;5;3;0.031417;0.038;13;32;0.2;0.2;0;0;0.2;0.2;0;2;May;2009;Wednesday;spring
No;07/05/2009;0.030435;0.5;2;0;0.043167;0.05;20;42;0.329167;1.6;8;1;0.158333;0.2;0;2;May;2009;Thursday;spring
No;08/05/2009;0.5625;1.8;12;1;0.042458;0.049;13;42;0.404167;1.3;15;1;0.1;0.1;0;1;May;2009;Friday;spring
No;09/05/2009;0.2375;0.4;10;0;0.043458;0.048;23;41;0.2;0.2;0;0;0.2;0.2;0;2;May;2009;Saturday;spring
No;10/05/2009;0.616667;2.3;6;2;0.029708;0.036;14;31;0.2;0.2;0;0;0.104167;0.2;12;2;May;2009;Sunday;spring
No;11/05/2009;1.625;3.5;12;3;0.039458;0.043;13;36;1.0625;2;0;3;0.166667;0.2;0;2;May;2009;Monday;spring
No;13/05/2009;0.320833;1.8;20;1;0.047708;0.05;0;42;0.225;0.4;6;0;0.2;0.2;17;2;May;2009;Wednesday;spring
No;14/05/2009;0.154167;0.5;21;0;0.042583;0.047;21;40;0.2;0.2;0;0;0.2;0.2;0;2;May;2009;Thursday;spring
No;15/05/2009;0.145833;0.5;0;0;0.038708;0.046;0;39;0.2;0.2;0;0;0.2;0.2;0;2;May;2009;Friday;spring
No;16/05/2009;0.004762;0.1;19;0;0.04;0.048;17;41;0.304167;0.9;13;0;0.2;0.2;0;2;May;2009;Saturday;spring
No;17/05/2009;0.620833;1.1;4;1;0.035583;0.039;0;33;0.329167;1.2;23;1;0.2;0.2;0;2;May;2009;Sunday;spring
No;18/05/2009;0.5875;1.5;6;1;0.049292;0.056;13;47;2.079167;3.6;6;4;0.2;0.2;0;2;May;2009;Monday;spring
Yes;19/05/2009;0.529167;2;6;2;0.053792;0.059;13;50;0.571429;1.6;6;1;0.2;0.2;0;2;May;2009;Tuesday;spring
No;20/05/2009;0.1;0.3;19;0;0.05375;0.061;12;54;0.209091;0.3;15;0;0.2;0.2;0;2;May;2009;Wednesday;spring
No;21/05/2009;0.254167;0.5;18;0;0.04525;0.049;0;42;0.204167;0.3;10;0;0.2;0.2;0;2;May;2009;Thursday;spring
No;22/05/2009;0.233333;0.4;18;0;0.044292;0.05;12;42;0.2;0.2;0;0;0.2;0.2;0;2;May;2009;Friday;spring
No;23/05/2009;0.0375;0.2;7;0;0.034417;0.039;0;33;0.2;0.2;0;0;0.166667;0.2;0;2;May;2009;Saturday;spring
No;24/05/2009;0.075;0.3;14;0;0.028167;0.032;16;27;0.2;0.2;0;0;0.141667;0.2;14;2;May;2009;Sunday;spring
No;25/05/2009;0.141667;0.4;18;0;0.030083;0.034;17;29;0.2;0.2;0;0;0.2;0.2;0;2;May;2009;Monday;spring
No;26/05/2009;0.129167;0.3;17;0;0.032583;0.034;0;29;0.2;0.2;0;0;0.2;0.2;0;2;May;2009;Tuesday;spring
No;27/05/2009;0.05;0.1;1;0;0.03425;0.04;15;34;0.2;0.2;0;0;0.2;0.2;0;2;May;2009;Wednesday;spring
No;28/05/2009;0.183333;0.5;5;0;0.038375;0.046;15;39;0.225;0.4;8;0;0.2;0.2;0;2;May;2009;Thursday;spring
No;29/05/2009;0.7875;1.5;17;1;0.038042;0.047;22;40;0.408333;2.1;1;3;0.2;0.2;0;2;May;2009;Friday;spring
Yes;30/05/2009;0.516667;1.7;6;1;0.052208;0.058;13;49;0.791667;1.6;8;1;0.2;0.2;0;2;May;2009;Saturday;spring
No;31/05/2009;0.295833;1.1;21;1;0.057083;0.062;19;58;0.575;1.1;14;1;0.2;0.2;0;2;May;2009;Sunday;spring
No;01/06/2009;1.129167;4.8;19;4;0.027417;0.032;23;27;0.204167;0.3;5;0;0.175;0.2;0;2;June;2009;Monday;spring
No;02/06/2009;0.583333;1.5;8;1;0.046833;0.054;14;46;1.516667;4;3;6;0.1875;0.2;0;2;June;2009;Tuesday;spring
No;06/06/2009;0.216667;0.6;1;0;0.049;0.059;15;50;0.908333;1.8;19;1;0.2;0.2;0;2;June;2009;Saturday;spring
No;07/06/2009;0.519048;0.9;7;0;0.045583;0.051;15;43;0.220833;0.4;20;0;0.141667;0.2;14;2;June;2009;Sunday;spring
No;09/06/2009;0.0625;0.4;9;0;0.041208;0.049;0;42;0.2;0.2;0;0;0.2;0.2;0;2;June;2009;Tuesday;spring
No;11/06/2009;0.8625;1.9;17;1;0.042375;0.046;13;39;1.054167;2.4;6;3;0.120833;0.2;19;2;June;2009;Thursday;spring
No;12/06/2009;0.7875;2.5;2;2;0.028208;0.03;3;25;0.3875;1;1;1;0.2;0.2;0;2;June;2009;Friday;spring
No;13/06/2009;0.125;0.5;23;0;0.043417;0.05;13;42;0.291667;0.9;15;0;0.1625;0.2;9;2;June;2009;Saturday;spring
No;14/06/2009;0.116667;0.3;0;0;0.044958;0.051;18;43;0.816667;4.5;19;6;0.2;0.2;0;2;June;2009;Sunday;spring
No;15/06/2009;0.166667;0.3;0;0;0.042917;0.047;12;40;0.52381;1.4;14;1;0.195833;0.2;0;2;June;2009;Monday;spring
No;16/06/2009;0.166667;0.4;16;0;0.03975;0.044;12;37;0.2;0.2;0;0;0.116667;0.2;9;2;June;2009;Tuesday;spring
No;17/06/2009;0.291667;1;20;1;0.040792;0.045;15;38;0.395833;1.2;3;1;0.183333;0.2;4;2;June;2009;Wednesday;spring
No;18/06/2009;0.222222;0.5;7;0;0.040063;0.048;17;41;0.229412;0.5;11;0;0.157143;0.2;0;2;June;2009;Thursday;spring
No;19/06/2009;0.570833;0.8;5;0;0.041833;0.047;9;40;0.3625;2;9;3;0.191667;0.2;0;2;June;2009;Friday;spring
No;20/06/2009;0.1125;0.7;23;0;0.039208;0.042;18;36;0.333333;2;23;3;0.1125;0.2;13;2;June;2009;Saturday;spring
No;21/06/2009;0.225;0.8;1;0;0.040667;0.042;4;36;0.695833;2.6;1;3;0.116667;0.2;2;2;June;2009;Sunday;summer
No;22/06/2009;0.317391;1.3;23;1;0.04275;0.048;17;41;0.608333;2.7;20;3;0.1;0.1;0;1;June;2009;Monday;summer
Yes;23/06/2009;0.520833;1.4;22;1;0.047625;0.055;13;47;1.104167;3.6;8;4;0.179167;0.2;5;2;June;2009;Tuesday;summer
No;27/06/2009;0.329167;1.1;22;1;0.051958;0.059;0;50;0.2875;0.7;23;0;0.2;0.2;0;2;June;2009;Saturday;summer
Yes;28/06/2009;0.483333;1.3;23;1;0.051042;0.058;6;49;0.8625;2.6;12;3;0.2;0.2;0;2;June;2009;Sunday;summer
No;29/06/2009;0.741667;1.7;4;1;0.056;0.061;10;54;1.541667;3;15;4;0.129167;0.2;0;2;June;2009;Monday;summer
No;30/06/2009;0.420833;0.8;6;0;0.054458;0.057;17;48;1.008333;2.5;8;3;0.1;0.1;0;1;June;2009;Tuesday;summer
No;01/07/2009;0.958333;1.8;9;1;0.032167;0.035;19;30;0.270833;0.6;21;0;0.145833;0.2;0;2;July;2009;Wednesday;summer
No;02/07/2009;0.213043;0.4;0;0;0.051583;0.056;11;47;1.304348;2.1;3;3;0.195833;0.2;0;2;July;2009;Thursday;summer
Yes;06/07/2009;0.05;0.3;9;0;0.043125;0.048;14;41;0.2125;0.3;14;0;0.2;0.2;0;2;July;2009;Monday;summer
No;07/07/2009;0.529167;1.2;1;1;0.05675;0.063;12;61;0.933333;2;4;3;0.2;0.2;0;2;July;2009;Tuesday;summer
No;08/07/2009;0.245833;0.4;2;0;0.051208;0.056;15;47;0.2;0.2;0;0;0.2;0.2;0;2;July;2009;Wednesday;summer
No;09/07/2009;0.025;0.3;18;0;0.047875;0.051;13;43;0.391667;0.7;18;0;0.2;0.2;0;2;July;2009;Thursday;summer
No;10/07/2009;0.236364;0.6;5;0;0.035167;0.042;13;36;1.020833;2.6;18;3;0.1;0.1;0;1;July;2009;Friday;summer
No;11/07/2009;0.208333;0.5;7;0;0.050875;0.055;17;47;1.120833;1.8;21;1;0.1625;0.2;0;2;July;2009;Saturday;summer
No;12/07/2009;0.7375;1.3;16;1;0.032042;0.036;18;31;0.479167;0.9;8;0;0.1875;0.2;0;2;July;2009;Sunday;summer
No;13/07/2009;0.329167;0.7;20;0;0.047375;0.051;13;43;0.225;0.4;19;0;0.104167;0.2;0;2;July;2009;Monday;summer
No;14/07/2009;0.204167;0.6;0;0;0.049708;0.056;23;47;0.458333;1.5;6;1;0.133333;0.2;12;2;July;2009;Tuesday;summer
No;15/07/2009;0.204167;0.3;4;0;0.048542;0.056;0;47;0.408333;0.6;5;0;0.1625;0.2;9;2;July;2009;Wednesday;summer
No;16/07/2009;0.329167;1;3;1;0.045375;0.052;0;44;0.254167;1;1;1;0.116667;0.2;0;2;July;2009;Thursday;summer
No;17/07/2009;0.229167;0.6;4;0;0.042542;0.046;16;39;0.304167;1;23;1;0.1;0.1;0;1;July;2009;Friday;summer
No;18/07/2009;0.579167;1.5;5;1;0.037583;0.042;9;36;0.7125;1.5;16;1;0.1;0.1;0;1;July;2009;Saturday;summer
No;19/07/2009;0.195833;1.1;0;1;0.036708;0.043;11;36;0.2125;0.3;6;0;0.1;0.1;0;1;July;2009;Sunday;summer
No;20/07/2009;0.152381;0.4;7;0;0.040133;0.054;14;46;0.3;0.8;10;0;0.1;0.1;0;1;July;2009;Monday;summer
No;21/07/2009;0.133333;0.5;9;0;0.046708;0.06;21;51;0.2;0.2;0;0;0.1;0.1;0;1;July;2009;Tuesday;summer
No;22/07/2009;0.2;0.4;16;0;0.052583;0.058;0;49;0.604167;1.2;8;1;0.129167;0.2;14;2;July;2009;Wednesday;summer
No;23/07/2009;0.375;1.2;23;1;0.045792;0.048;13;41;0.625;3;11;4;0.120833;0.2;10;2;July;2009;Thursday;summer
No;24/07/2009;0.3;2.7;2;2;0.052458;0.055;11;47;0.2375;0.4;16;0;0.1;0.1;0;1;July;2009;Friday;summer
No;25/07/2009;0.229167;0.4;4;0;0.05225;0.059;13;50;0.233333;0.6;23;0;0.158333;0.2;10;2;July;2009;Saturday;summer
No;26/07/2009;0.1625;0.5;22;0;0.045958;0.051;15;43;0.25;0.5;0;0;0.170833;0.2;0;2;July;2009;Sunday;summer
No;27/07/2009;0.12381;0.3;1;0;0.0465;0.055;14;47;0.22381;0.5;10;0;0.194444;0.2;0;2;July;2009;Monday;summer
No;28/07/2009;0.1625;0.6;16;0;0.040958;0.046;15;39;0.2;0.2;0;0;0.1;0.1;0;1;July;2009;Tuesday;summer
No;29/07/2009;0.195833;0.4;23;0;0.035542;0.042;19;36;0.2;0.2;0;0;0.1;0.1;0;1;July;2009;Wednesday;summer
No;30/07/2009;0.195833;0.3;0;0;0.029875;0.034;0;29;0.208333;0.3;11;0;0.1;0.1;0;1;July;2009;Thursday;summer
No;31/07/2009;0.379167;0.6;7;0;0.029875;0.034;16;29;0.229167;0.7;4;0;0.1;0.1;0;1;July;2009;Friday;summer
No;01/08/2009;1.066667;2.9;10;2;0.034;0.037;12;31;0.829167;2.1;12;3;0.125;0.2;11;2;August;2009;Saturday;summer
No;02/08/2009;0.241667;0.5;10;0;0.045458;0.047;0;40;0.85;2.4;1;3;0.1625;0.2;0;2;August;2009;Sunday;summer
No;06/08/2009;0.0875;0.3;17;0;0.044208;0.049;14;42;0.491667;1.3;17;1;0.2;0.2;0;2;August;2009;Thursday;summer
No;07/08/2009;0.4125;0.6;0;0;0.052667;0.058;0;49;0.7;3;4;4;0.141667;0.2;0;2;August;2009;Friday;summer
No;08/08/2009;0.141667;0.3;18;0;0.050583;0.055;23;47;0.791667;2.3;12;3;0.2;0.2;0;2;August;2009;Saturday;summer
No;09/08/2009;0.266667;0.6;10;0;0.046417;0.052;13;44;0.6125;1.1;7;1;0.2;0.2;0;2;August;2009;Sunday;summer
No;10/08/2009;0.429167;1;1;1;0.037375;0.044;1;37;0.304167;1;0;1;0.1;0.1;0;1;August;2009;Monday;summer
Yes;12/08/2009;0.454167;1.1;21;1;0.034083;0.037;5;31;0.254167;0.4;0;0;0.2;0.2;0;2;August;2009;Wednesday;summer
No;13/08/2009;0.141667;0.6;1;0;0.053375;0.065;14;67;0.466667;1.1;12;1;0.145833;0.2;0;2;August;2009;Thursday;summer
No;14/08/2009;0.2625;0.4;8;0;0.05075;0.058;23;49;0.2;0.2;0;0;0.170833;0.2;0;2;August;2009;Friday;summer
No;15/08/2009;0.320833;0.9;8;0;0.052708;0.059;0;50;0.233333;0.5;4;0;0.183333;0.2;0;2;August;2009;Saturday;summer
No;16/08/2009;0.220833;0.8;8;0;0.035958;0.053;0;45;0.2;0.2;0;0;0.1375;0.2;0;2;August;2009;Sunday;summer
No;20/08/2009;0.169565;0.3;2;0;0.026958;0.032;0;27;0.204167;0.3;11;0;0.1;0.1;0;1;August;2009;Thursday;summer
No;21/08/2009;0.041667;0.2;6;0;0.032833;0.038;19;32;0.2625;0.8;7;0;0.1;0.1;0;1;August;2009;Friday;summer
No;22/08/2009;0.516667;1.5;23;1;0.037458;0.043;10;36;0.341667;0.9;12;0;0.1;0.1;0;1;August;2009;Saturday;summer
No;23/08/2009;0.970833;2.1;8;2;0.032167;0.038;12;32;0.2875;0.8;11;0;0.1;0.1;0;1;August;2009;Sunday;summer
No;24/08/2009;0.591667;1.2;2;1;0.040042;0.052;13;44;0.5875;1;1;1;0.175;0.2;6;2;August;2009;Monday;summer
No;25/08/2009;0.2375;0.7;8;0;0.046625;0.055;23;47;0.225;0.3;0;0;0.191667;0.2;0;2;August;2009;Tuesday;summer
No;26/08/2009;0.283333;0.5;16;0;0.050417;0.056;0;47;0.3;0.6;7;0;0.158333;0.2;0;2;August;2009;Wednesday;summer
No;27/08/2009;0.329167;1.4;12;1;0.038708;0.044;0;37;0.241667;0.4;13;0;0.1375;0.2;11;2;August;2009;Thursday;summer
No;29/08/2009;0.170833;1.3;7;1;0.036958;0.044;18;37;0.254167;0.5;7;0;0.1;0.1;0;1;August;2009;Saturday;summer
No;30/08/2009;0.336842;1.3;22;1;0.040125;0.047;12;40;0.25;0.5;23;0;0.179167;0.2;5;2;August;2009;Sunday;summer
No;31/08/2009;0.716667;1.7;18;1;0.038875;0.05;12;42;0.775;2.3;5;3;0.15;0.2;0;2;August;2009;Monday;summer
No;02/09/2009;0.404167;2.2;14;2;0.045833;0.051;21;43;0.8125;2;23;3;0.2;0.2;0;2;September;2009;Wednesday;summer
No;06/09/2009;0.254167;0.5;9;0;0.051167;0.056;12;47;0.479167;0.7;8;0;0.2;0.2;0;2;September;2009;Sunday;summer
No;07/09/2009;0.2;0.7;6;0;0.048;0.054;0;46;0.216667;0.5;8;0;0.2;0.2;0;2;September;2009;Monday;summer
No;08/09/2009;0;0;0;0;0.047292;0.054;0;46;0.745833;2.4;4;3;0.2;0.2;0;2;September;2009;Tuesday;summer
No;09/09/2009;0.326087;0.7;17;0;0.043222;0.054;15;46;0.291667;0.8;16;0;0.2;0.2;0;2;September;2009;Wednesday;summer
No;10/09/2009;0.020833;0.2;0;0;0.028042;0.037;0;31;0.383333;1.2;5;1;0.1;0.1;0;1;September;2009;Thursday;summer
No;11/09/2009;1.016667;3.7;14;3;0.048542;0.053;0;45;1.795833;4.1;9;6;0.2;0.2;0;2;September;2009;Friday;summer
No;12/09/2009;0.745455;1.4;2;1;0.033625;0.042;10;36;0.35;1.4;23;1;0.152632;0.2;0;2;September;2009;Saturday;summer
No;13/09/2009;0.1875;0.5;0;0;0.044792;0.052;15;44;0.516667;1.2;16;1;0.2;0.2;0;2;September;2009;Sunday;summer
No;14/09/2009;0.216667;0.5;16;0;0.04425;0.051;13;43;1.095833;4;16;6;0.2;0.2;0;2;September;2009;Monday;summer
No;15/09/2009;0.558333;2.4;16;2;0.038263;0.047;0;40;0.483333;1.9;1;1;0.2;0.2;0;2;September;2009;Tuesday;summer
No;16/09/2009;0.104167;0.3;2;0;0.03425;0.041;0;35;0.204167;0.3;2;0;0.2;0.2;0;2;September;2009;Wednesday;summer
No;17/09/2009;0.295833;0.7;12;0;0.0325;0.041;0;35;0.2;0.2;0;0;0.2;0.2;0;2;September;2009;Thursday;summer
No;18/09/2009;0.1125;0.6;6;0;0.0295;0.035;0;30;0.2;0.2;0;0;0.191667;0.2;0;2;September;2009;Friday;summer
No;19/09/2009;0.075;0.2;10;0;0.028375;0.034;21;29;0.2;0.2;0;0;0.1375;0.2;12;2;September;2009;Saturday;summer
No;20/09/2009;0.0125;0.1;4;0;0.031625;0.034;0;29;0.2;0.2;0;0;0.1;0.1;0;1;September;2009;Sunday;summer
No;21/09/2009;0.05;0.2;10;0;0.028083;0.033;23;28;0.2;0.2;0;0;0.1;0.1;0;1;September;2009;Monday;fall
No;23/09/2009;0.341667;1.6;21;1;0.036958;0.047;13;40;0.2;0.2;0;0;0.1625;0.2;0;2;September;2009;Wednesday;fall
No;24/09/2009;0.2;0.5;0;0;0.028542;0.035;23;30;0.2;0.2;0;0;0.179167;0.2;0;2;September;2009;Thursday;fall
No;26/09/2009;0.204167;0.6;13;0;0.027875;0.031;13;26;0.2;0.2;0;0;0.133333;0.2;0;2;September;2009;Saturday;fall
No;27/09/2009;0.270833;0.6;6;0;0.038583;0.042;20;36;0.2;0.2;0;0;0.1;0.1;0;1;September;2009;Sunday;fall
No;29/09/2009;0.870833;2.6;20;2;0.029375;0.033;11;28;0.891667;1.9;7;1;0.1;0.1;0;1;September;2009;Tuesday;fall
No;30/09/2009;0.983333;2.4;5;2;0.032667;0.038;11;32;0.366667;0.9;2;0;0.1;0.1;0;1;September;2009;Wednesday;fall
No;01/10/2009;0.65;1.9;22;1;0.03275;0.039;5;33;0.6625;1.3;0;1;0.129167;0.2;9;2;October;2009;Thursday;fall
No;02/10/2009;0.416667;1.6;19;1;0.051542;0.055;18;47;1.133333;2.3;23;3;0.2;0.2;0;2;October;2009;Friday;fall
No;06/10/2009;0.386957;0.7;10;0;0.038792;0.05;0;42;0.291304;0.6;0;0;0.2;0.2;0;2;October;2009;Tuesday;fall
No;07/10/2009;0.245833;0.5;16;0;0.0435;0.049;0;42;0.2;0.2;0;0;0.15;0.2;0;2;October;2009;Wednesday;fall
No;08/10/2009;0.191667;0.5;22;0;0.039958;0.045;17;38;0.770833;2.3;9;3;0.141667;0.2;0;2;October;2009;Thursday;fall
No;09/10/2009;0.05;0.3;9;0;0.037167;0.042;13;36;0.2;0.2;0;0;0.191667;0.2;0;2;October;2009;Friday;fall
No;11/10/2009;1.075;3.5;18;3;0.040292;0.05;0;42;0.508333;1.8;2;1;0.191667;0.2;0;2;October;2009;Sunday;fall
No;12/10/2009;1.225;2.1;20;2;0.031583;0.036;12;31;0.7;1.4;0;1;0.140909;0.2;2;2;October;2009;Monday;fall
No;13/10/2009;0.8;2.5;0;2;0.026042;0.032;11;27;0.2;0.2;0;0;0.1625;0.2;0;2;October;2009;Tuesday;fall
No;14/10/2009;0.470833;1.7;11;1;0.025542;0.029;15;25;0.2;0.2;0;0;0.1375;0.2;0;2;October;2009;Wednesday;fall
No;15/10/2009;0.929167;3;18;3;0.018;0.023;0;19;0.204167;0.3;13;0;0.2;0.2;0;2;October;2009;Thursday;fall
No;18/10/2009;1.254167;3.3;6;3;0.032125;0.038;23;32;0.6875;1.4;12;1;0.1;0.1;0;1;October;2009;Sunday;fall
No;19/10/2009;0.041667;0.3;17;0;0.035458;0.038;0;32;0.204167;0.3;1;0;0.1;0.1;0;1;October;2009;Monday;fall
No;20/10/2009;0.225;1.3;10;1;0.037958;0.041;13;35;0.491667;2.2;10;3;0.116667;0.2;18;2;October;2009;Tuesday;fall
No;21/10/2009;0.6875;2.8;16;2;0.0375;0.04;0;34;0.454167;1.3;8;1;0.141667;0.2;14;2;October;2009;Wednesday;fall
No;22/10/2009;0.166667;0.6;13;0;0.038833;0.041;13;35;0.220833;0.5;17;0;0.120833;0.2;15;2;October;2009;Thursday;fall
No;23/10/2009;0.291667;0.8;23;0;0.033042;0.04;0;34;0.2;0.2;0;0;0.1;0.1;0;1;October;2009;Friday;fall
No;25/10/2009;0.595833;2;6;2;0.033708;0.039;15;33;0.745833;6.5;6;9;0.1;0.1;0;1;October;2009;Sunday;fall
No;27/10/2009;0.679167;1.3;5;1;0.032375;0.036;0;31;0.266667;0.5;0;0;0.170833;0.2;0;2;October;2009;Tuesday;fall
No;28/10/2009;1.058333;1.8;20;1;0.038208;0.043;13;36;0.216667;0.3;16;0;0.158333;0.2;2;2;October;2009;Wednesday;fall
No;29/10/2009;0.291667;0.9;8;0;0.037917;0.045;23;38;0.275;0.8;23;0;0.2;0.2;0;2;October;2009;Thursday;fall
No;30/10/2009;0.2;0.7;8;0;0.038458;0.045;0;38;0.3;1.1;0;1;0.170833;0.2;0;2;October;2009;Friday;fall
No;31/10/2009;0.636364;2.2;23;2;0.032833;0.039;7;33;0.2;0.2;0;0;0.1;0.1;0;1;October;2009;Saturday;fall
No;02/11/2009;0.418182;1.1;14;1;0.044167;0.05;0;42;0.431818;2;0;3;0.161111;0.2;0;2;November;2009;Monday;fall
No;06/11/2009;0.25;0.5;13;0;0.035125;0.04;19;34;0.22;0.5;7;0;0.129412;0.2;0;2;November;2009;Friday;fall
No;07/11/2009;0.041667;0.2;7;0;0.046708;0.052;15;44;0.483333;1.1;7;1;0.116667;0.2;3;2;November;2009;Saturday;fall
No;08/11/2009;0.441667;0.8;13;0;0.040042;0.055;23;47;0.204167;0.3;0;0;0.1;0.1;0;1;November;2009;Sunday;fall
No;09/11/2009;0.445833;1.6;4;1;0.039583;0.046;13;39;0.2;0.2;0;0;0.195833;0.2;1;2;November;2009;Monday;fall
No;10/11/2009;0.854167;1.4;1;1;0.021208;0.031;23;26;0.204167;0.3;1;0;0.2;0.2;0;2;November;2009;Tuesday;fall
No;11/11/2009;1.956522;3.3;16;3;0.032292;0.037;3;31;0.729167;2.7;13;3;0.170833;0.2;0;2;November;2009;Wednesday;fall
No;12/11/2009;1.554167;3.1;18;3;0.03525;0.037;10;31;0.6;1.8;3;1;0.1;0.1;0;1;November;2009;Thursday;fall
No;13/11/2009;1.566667;2.9;8;2;0.036083;0.042;22;36;1.504167;3.4;8;4;0.191667;0.2;2;2;November;2009;Friday;fall
No;14/11/2009;1.058333;3;15;3;0.043417;0.046;15;39;1.183333;6.4;1;9;0.1625;0.2;0;2;November;2009;Saturday;fall
No;15/11/2009;0.770833;2.5;17;2;0.045708;0.049;14;42;0.366667;0.6;5;0;0.2;0.2;0;2;November;2009;Sunday;fall
No;16/11/2009;0.85;1.8;18;1;0.04775;0.055;18;47;1.445833;6.3;19;9;0.2;0.2;0;2;November;2009;Monday;fall
No;17/11/2009;0.258333;0.6;22;0;0.044917;0.054;0;46;0.9625;2.6;3;3;0.2;0.2;0;2;November;2009;Tuesday;fall
No;19/11/2009;1.358333;3.2;21;3;0.031625;0.036;16;31;0.3125;0.5;9;0;0.2;0.2;0;2;November;2009;Thursday;fall
No;20/11/2009;1.054167;2.2;8;2;0.043458;0.047;10;40;0.529167;1.2;18;1;0.2;0.2;0;2;November;2009;Friday;fall
No;21/11/2009;1.0625;4.4;7;4;0.044042;0.048;13;41;1.433333;7.6;7;10;0.2;0.2;0;2;November;2009;Saturday;fall
No;22/11/2009;0.558333;1.7;22;1;0.0375;0.043;0;36;0.654167;1.3;5;1;0.2;0.2;0;2;November;2009;Sunday;fall
No;23/11/2009;2.7625;5.6;17;5;0.029833;0.036;2;31;0.233333;0.4;1;0;0.2;0.2;0;2;November;2009;Monday;fall
No;24/11/2009;1.5875;3.3;0;3;0.028375;0.035;22;30;0.204348;0.3;0;0;0.2;0.2;0;2;November;2009;Tuesday;fall
No;25/11/2009;0.533333;1.6;22;1;0.038792;0.043;14;36;0.854167;2.4;8;3;0.2;0.2;0;2;November;2009;Wednesday;fall
No;26/11/2009;0.720833;1.1;12;1;0.033375;0.039;0;33;0.491667;1.2;1;1;0.154167;0.2;0;2;November;2009;Thursday;fall
No;27/11/2009;0.725;1.7;21;1;0.033458;0.037;11;31;0.954167;2.2;21;3;0.1;0.1;0;1;November;2009;Friday;fall
No;28/11/2009;0.466667;1.3;2;1;0.042125;0.047;15;40;1.458333;3;2;4;0.1;0.1;0;1;November;2009;Saturday;fall
No;29/11/2009;0.2;0.6;1;0;0.042958;0.046;0;39;1.483333;3;10;4;0.1;0.1;0;1;November;2009;Sunday;fall
No;30/11/2009;1.625;4.9;14;4;0.0285;0.04;0;34;0.9875;2.7;4;3;0.179167;0.2;5;2;November;2009;Monday;fall
No;01/12/2009;0.629167;2.6;0;2;0.033;0.035;13;30;0.7375;3.9;0;4;0.141667;0.2;0;2;December;2009;Tuesday;fall
No;02/12/2009;0;0;0;0;0.043542;0.047;13;40;0.4375;2.1;22;3;0.145833;0.2;0;2;December;2009;Wednesday;fall
No;06/12/2009;0.119048;0.4;3;0;0.042208;0.047;19;40;0.409091;2;15;3;0.1;0.1;0;1;December;2009;Sunday;fall
No;07/12/2009;0.125;0.5;22;0;0.041583;0.046;0;39;0.425;1.3;6;1;0.175;0.2;0;2;December;2009;Monday;fall
No;08/12/2009;0.170833;1;23;1;0.05225;0.058;12;49;0.229167;0.6;4;0;0.1;0.1;0;1;December;2009;Tuesday;fall
No;09/12/2009;0.172727;0.9;22;0;0.044417;0.05;12;42;0.2;0.2;0;0;0.2;0.2;0;2;December;2009;Wednesday;fall
No;11/12/2009;1.104167;2.2;0;2;0.034542;0.039;13;33;1.129167;2.5;0;3;0.175;0.2;0;2;December;2009;Friday;fall
No;12/12/2009;0.520833;1.2;10;1;0.037833;0.04;16;34;0.2;0.2;0;0;0.1;0.1;0;1;December;2009;Saturday;fall
No;13/12/2009;0.754167;2;9;2;0.030708;0.038;0;32;0.2;0.2;0;0;0.158333;0.2;10;2;December;2009;Sunday;fall
No;14/12/2009;0.141667;1;23;1;0.030083;0.034;12;29;0.320833;1.1;23;1;0.129167;0.2;0;2;December;2009;Monday;fall
No;16/12/2009;2.725;4.6;17;4;0.025708;0.038;23;32;1.395833;2.1;14;3;0.2;0.2;0;2;December;2009;Wednesday;fall
No;17/12/2009;1.108333;3.7;16;3;0.038167;0.043;4;36;0.6625;1.7;4;1;0.158333;0.2;0;2;December;2009;Thursday;fall
No;21/12/2009;0.958333;3.7;23;3;0.030458;0.034;13;29;1.216667;2.7;7;3;0.2;0.2;0;2;December;2009;Monday;winter
No;22/12/2009;0.879167;3.6;0;3;0.037625;0.047;23;40;1.183333;2.7;0;3;0.2;0.2;0;2;December;2009;Tuesday;winter
No;23/12/2009;0.970833;2.6;17;2;0.041583;0.047;0;40;1.966667;3.2;11;4;0.2;0.2;0;2;December;2009;Wednesday;winter
No;24/12/2009;0.026087;0.2;21;0;0.044333;0.045;0;38;0.404348;0.9;0;0;0.145833;0.2;0;2;December;2009;Thursday;winter
No;25/12/2009;0.463636;1.3;18;1;0.031125;0.039;0;33;0.218182;0.4;13;0;0.194444;0.2;0;2;December;2009;Friday;winter
No;26/12/2009;0.225;0.9;0;0;0.041375;0.044;13;37;0.258333;0.4;17;0;0.116667;0.2;0;2;December;2009;Saturday;winter
No;27/12/2009;0.441667;1.1;18;1;0.039958;0.043;11;36;1.158333;3;6;4;0.1125;0.2;19;2;December;2009;Sunday;winter
No;28/12/2009;1.1625;2.5;23;2;0.031167;0.035;11;30;1.154167;2.7;10;3;0.1;0.1;0;1;December;2009;Monday;winter
No;30/12/2009;1.045833;3.3;15;3;0.038158;0.045;18;38;0.966667;1.6;8;1;0.15;0.2;11;2;December;2009;Wednesday;winter